aspect	2000	131	137	Griffe	2000-aspect0	unknown	related
subjective	2000	0	9	Billig!!!	2000-subjective1	negative	related
subjective	2000	35	45	enttäuscht	2000-subjective2	negative	related
subjective	2000	60	78	weiter verschenken	2000-subjective3	negative	related
aspect	2000	56	59	sie	2000-aspect4	unknown	related
subjective	2000	103	113	Billigster	2000-subjective5	negative	related
subjective	2000	146	175	unterschiedlichsten Blautönen	2000-subjective6	negative	related
subjective	2000	201	226	entbehrt jeglicher Kritik	2000-subjective7	negative	related
subjective	2000	227	247	Schlecht verarbeitet	2000-subjective8	negative	related
subjective	2000	253	264	Schnittgrat	2000-subjective9	negative	related
subjective	2000	312	331	auseinandergefallen	2000-subjective10	negative	related
subjective	2000	368	378	Finger weg	2000-subjective11	negative	related
subjective	2000	427	453	sieht nicht nur besser aus	2000-subjective12	negative	related
aspect	2000	185	199	Besteckeinsatz	2000-aspect13	unknown	related
aspect	2000	302	311	Transport	2000-aspect14	unknown	related
aspect	2000	22	26	Ware	2000-aspect15	unknown	related
aspect	2000	347	351	Ware	2000-aspect16	unknown	related
aspect	2000	402	414	IKEA Besteck	2000-aspect17	unknown	foreign
subjective	2000	463	486	hält sicher auch länger	2000-subjective18	negative	related
aspect	2000	115	124	Edelstahl	2000-aspect19	unknown	related
aspect	2001	0	13	Preisleistung	2001-aspect0	unknown	related
aspect	2001	20	28	Quälität	2001-aspect1	unknown	related
aspect	2001	36	41	Preis	2001-aspect2	unknown	related
aspect	2001	66	76	Einsteiger	2001-aspect3	unknown	related
subjective	2001	14	19	super	2001-subjective4	positive	related
subjective	2001	29	34	super	2001-subjective5	positive	related
subjective	2001	42	52	sehr klein	2001-subjective6	positive	related
subjective	2001	54	61	optimal	2001-subjective7	positive	related
aspect	2010	26	33	Besteck	2010-aspect0	unknown	related
aspect	2010	81	99	täglichen Gebrauch	2010-aspect1	unknown	related
aspect	2010	140	154	Preis/Leistung	2010-aspect2	unknown	related
subjective	2010	0	8	Sehr Gut	2010-subjective3	positive	related
subjective	2010	13	20	Schnell	2010-subjective4	positive	related
subjective	2010	34	47	sieht gut aus	2010-subjective5	positive	related
subjective	2010	53	73	sehr gut verarbeitet	2010-subjective6	positive	related
subjective	2010	100	112	absolut top!	2010-subjective7	positive	related
subjective	2010	120	139	nichts zu bemängeln	2010-subjective8	positive	related
subjective	2010	155	161	super!	2010-subjective9	positive	related
aspect	2011	63	70	Besteck	2011-aspect0	unknown	related
aspect	2011	202	204	35	2011-aspect1	unknown	related
aspect	2011	297	299	es	2011-aspect2	unknown	related
aspect	2011	274	281	Besteck	2011-aspect3	unknown	related
aspect	2011	100	106	Dieses	2011-aspect4	unknown	related
aspect	2011	124	126	Es	2011-aspect5	unknown	related
subjective	2011	107	122	hat einfach was	2011-subjective6	positive	related
subjective	2011	127	148	liegt gut in der Hand	2011-subjective7	positive	related
subjective	2011	153	167	sieht edel aus	2011-subjective8	positive	related
subjective	2011	169	187	Was will man mehr?	2011-subjective9	positive	related
subjective	2011	227	238	Schnäppchen	2011-subjective10	positive	related
subjective	2011	257	292	nicht das ideale Besteck für Kinder	2011-subjective11	negative	related
subjective	2011	306	312	schwer	2011-subjective12	negative	related
subjective	2011	338	341	mag	2011-subjective13	positive	related
aspect	2011	342	345	das	2011-aspect14	unknown	related
subjective	2011	0	17	Vollauf zufrieden	2011-subjective15	positive	related
aspect	2012	16	25	Lieferung	2012-aspect0	unknown	related
aspect	2012	80	82	es	2012-aspect1	unknown	related
aspect	2012	169	176	Produkt	2012-aspect2	unknown	related
subjective	2012	0	3	Gut	2012-subjective3	positive	related
subjective	2012	8	15	Günstig	2012-subjective4	positive	related
subjective	2012	30	37	schnell	2012-subjective5	positive	related
subjective	2012	42	59	zufriedenstellend	2012-subjective6	positive	related
subjective	2012	60	66	Billig	2012-subjective7	positive	related
subjective	2012	71	94	hält was es verspricht!	2012-subjective8	positive	related
aspect	2012	139	141	es	2012-aspect9	unknown	related
subjective	2012	142	163	genauso wie am Anfang	2012-subjective10	positive	related
aspect	2013	24	30	Design	2013-aspect0	unknown	related
aspect	2013	32	39	Besteck	2013-aspect1	unknown	related
aspect	2013	88	90	es	2013-aspect2	unknown	related
subjective	2013	0	6	Super!	2013-subjective3	positive	related
subjective	2013	7	23	Sehr formschönes	2013-subjective4	positive	related
subjective	2013	40	66	liegt sehr gut in der Hand	2013-subjective5	positive	related
subjective	2013	91	112	keine scharfen Kanten	2013-subjective6	positive	related
subjective	2013	118	143	Für alle Anlässe geeignet	2013-subjective7	positive	related
aspect	2014	18	31	Steak besteck	2014-aspect0	unknown	related
aspect	2014	32	41	schneidet	2014-aspect1	unknown	related
aspect	2014	81	92	Wmf Produkt	2014-aspect2	unknown	related
subjective	2014	0	10	Super !!!!	2014-subjective3	positive	related
subjective	2014	11	17	Tolles	2014-subjective4	positive	related
subjective	2014	48	53	Super	2014-subjective5	positive	related
subjective	2014	93	102	zufrieden	2014-subjective6	positive	related
subjective	2014	112	121	Empfehlen	2014-subjective7	positive	related
aspect	2016	28	33	Küche	2016-aspect0	unknown	related
aspect	2016	38	53	Frühstückstisch	2016-aspect1	unknown	related
aspect	2016	89	112	Victorinox "Tafelmesser	2016-aspect2	unknown	related
aspect	2016	118	127	optischen	2016-aspect3	unknown	related
aspect	2016	216	227	großes Koch	2016-aspect4	unknown	foreign
aspect	2016	234	244	Brotmesser	2016-aspect5	unknown	foreign
aspect	2016	262	279	spezielles Messer	2016-aspect6	unknown	foreign
aspect	2016	299	312	Wellenschliff	2016-aspect7	unknown	related
aspect	2016	337	344	Semmeln	2016-aspect8	unknown	related
aspect	2016	346	354	Brötchen	2016-aspect9	unknown	related
aspect	2016	360	369	Schrippen	2016-aspect10	unknown	related
aspect	2016	371	378	Tomaten	2016-aspect11	unknown	related
aspect	2016	380	385	Wurst	2016-aspect12	unknown	related
aspect	2016	387	393	Gurken	2016-aspect13	unknown	related
aspect	2016	395	402	Orangen	2016-aspect14	unknown	related
aspect	2016	404	412	Zitronen	2016-aspect15	unknown	related
aspect	2016	414	419	Äpfel	2016-aspect16	unknown	related
aspect	2016	450	457	Schärfe	2016-aspect17	unknown	related
aspect	2016	478	491	allen Messern	2016-aspect18	unknown	foreign
aspect	2016	579	585	Messer	2016-aspect19	unknown	related
aspect	2016	615	632	Verletzungsgefahr	2016-aspect20	unknown	related
aspect	2016	658	664	Klinge	2016-aspect21	unknown	related
aspect	2016	691	696	Griff	2016-aspect22	unknown	related
aspect	2016	732	754	Oberfläche des Griffes	2016-aspect23	unknown	related
aspect	2016	778	784	Messer	2016-aspect24	unknown	related
aspect	2016	838	842	Hand	2016-aspect25	unknown	related
aspect	2016	861	881	Geschirrspülmaschine	2016-aspect26	unknown	related
aspect	2016	899	905	Klinge	2016-aspect27	unknown	related
aspect	2016	939	944	Griff	2016-aspect28	unknown	related
subjective	2016	8	22	Univeralmesser	2016-subjective29	positive	related
subjective	2016	151	167	weniger geeignet	2016-subjective30	negative	related
subjective	2016	174	197	für alle anderen Zwecke	2016-subjective31	positive	related
subjective	2016	330	336	leicht	2016-subjective32	positive	related
subjective	2016	436	445	schneiden	2016-subjective33	positive	related
subjective	2016	458	463	nimmt	2016-subjective34	negative	related
subjective	2016	522	537	mit der Zeit ab	2016-subjective35	negative	related
subjective	2016	596	609	schnitthaltig	2016-subjective36	positive	related
subjective	2016	643	649	gering	2016-subjective37	positive	related
subjective	2016	671	681	abgerundet	2016-subjective38	positive	related
subjective	2016	702	723	gut in der Hand liegt	2016-subjective39	positive	related
subjective	2016	761	769	angeraut	2016-subjective40	positive	related
subjective	2016	790	802	pflegeleicht	2016-subjective41	positive	related
subjective	2016	819	829	problemlos	2016-subjective42	positive	related
aspect	2016	882	890	reinigen	2016-aspect43	unknown	related
subjective	2016	910	930	rostfreiem Edelstahl	2016-subjective44	positive	related
subjective	2016	949	979	spülmaschinenfestem Kunststoff	2016-subjective45	positive	related
subjective	2017	77	96	sofort angesprochen	2017-subjective0	positive	related
aspect	2017	14	31	Besteckset "Genua	2017-aspect1	unknown	related
aspect	2017	37	40	BSF	2017-aspect2	unknown	related
aspect	2017	98	100	Es	2017-aspect3	unknown	related
aspect	2017	153	159	Design	2017-aspect4	unknown	related
aspect	2017	169	177	Aussehen	2017-aspect5	unknown	related
aspect	2017	212	214	Es	2017-aspect6	unknown	related
aspect	2017	249	254	Größe	2017-aspect7	unknown	related
aspect	2017	259	263	Form	2017-aspect8	unknown	related
aspect	2017	276	282	Messer	2017-aspect9	unknown	related
aspect	2017	308	315	Fleisch	2017-aspect10	unknown	related
aspect	2017	344	374	Pflegehinweise des Herstellers	2017-aspect11	unknown	related
aspect	2017	383	390	Besteck	2017-aspect12	unknown	related
aspect	2017	444	456	Spülmaschine	2017-aspect13	unknown	related
aspect	2017	612	619	Besteck	2017-aspect14	unknown	related
aspect	2017	690	697	Besteck	2017-aspect15	unknown	related
aspect	2017	770	784	anderen Teilen	2017-aspect16	unknown	foreign
aspect	2017	1091	1098	Besteck	2017-aspect17	unknown	related
aspect	2017	1078	1090	handhabendes	2017-aspect18	unknown	related
subjective	2017	0	9	Schön !!!	2017-subjective19	positive	related
aspect	2017	69	76	optisch	2017-aspect20	unknown	related
subjective	2017	108	134	ganz nach meinem Geschmack	2017-subjective21	positive	related
subjective	2017	139	152	wunderschönem	2017-subjective22	positive	related
subjective	2017	215	236	liegt gut in der Hand	2017-subjective23	positive	related
subjective	2017	264	271	stimmig	2017-subjective24	positive	related
subjective	2017	283	296	schneiden gut	2017-subjective25	positive	related
subjective	2017	324	338	keine Probleme	2017-subjective26	positive	related
subjective	2017	391	413	Spülmaschinen geeignet	2017-subjective27	positive	related
subjective	2017	469	498	keine negativen Veränderungen	2017-subjective28	positive	related
subjective	2017	512	554	Kratzer sind mir bis jetzt auch noch keine	2017-subjective29	positive	related
subjective	2017	626	644	jeden Tag benutzen	2017-subjective30	positive	related
subjective	2017	1039	1048	alles top	2017-subjective31	positive	related
subjective	2017	1071	1074	gut	2017-subjective32	positive	related
subjective	2017	1119	1154	festen Platz bei unseren Mahlzeiten	2017-subjective33	positive	related
aspect	2018	18	28	Victorinox	2018-aspect0	unknown	related
aspect	2018	132	146	Kunsstoffgriff	2018-aspect1	unknown	related
aspect	2018	221	227	Messer	2018-aspect2	unknown	related
aspect	2018	64	70	Messer	2018-aspect3	unknown	related
aspect	2018	281	295	Schneidemesser	2018-aspect4	unknown	related
subjective	2018	0	28	scharf, schärfer, Victorinox	2018-subjective5	positive	related
subjective	2018	84	100	irrsinnig scharf	2018-subjective6	positive	related
subjective	2018	105	120	bleiben es auch	2018-subjective7	positive	related
subjective	2018	164	199	nicht besonders viel Hochwertigkeit	2018-subjective8	negative	related
subjective	2018	317	328	gigantisch!	2018-subjective9	positive	related
aspect	2019	0	3	WMF	2019-aspect0	unknown	related
aspect	2019	42	50	Besteckt	2019-aspect1	unknown	related
aspect	2019	200	203	WMF	2019-aspect2	unknown	related
aspect	2019	227	233	Griffe	2019-aspect3	unknown	related
aspect	2019	258	264	Messer	2019-aspect4	unknown	related
aspect	2019	343	357	Geschirrspüler	2019-aspect5	unknown	related
aspect	2019	499	501	es	2019-aspect6	unknown	related
aspect	2019	521	532	Amazonpreis	2019-aspect7	unknown	related
aspect	2019	563	568	Laden	2019-aspect8	unknown	foreign
aspect	2019	577	586	Lieferung	2019-aspect9	unknown	related
subjective	2019	6	27	Qualität wie erwartet	2019-subjective10	positive	related
subjective	2019	213	222	überzeugt	2019-subjective11	positive	related
subjective	2019	239	252	schön geformt	2019-subjective12	positive	related
subjective	2019	272	292	angenehm in der Hand	2019-subjective13	positive	related
subjective	2019	302	308	scharf	2019-subjective14	positive	related
subjective	2019	324	335	bedenkenlos	2019-subjective15	positive	related
subjective	2019	506	516	empfehlen!	2019-subjective16	positive	related
subjective	2019	537	548	unschlagbar	2019-subjective17	positive	related
subjective	2019	594	611	schnell wie immer	2019-subjective18	positive	related
aspect	2002	12	19	Besteck	2002-aspect0	unknown	related
aspect	2002	36	43	Besteck	2002-aspect1	unknown	related
aspect	2002	93	105	Verarbeitung	2002-aspect2	unknown	related
aspect	2002	110	116	Griffe	2002-aspect3	unknown	related
subjective	2002	0	11	Kultbesteck	2002-subjective4	positive	related
subjective	2002	68	83	schön anzusehen	2002-subjective5	positive	related
subjective	2002	121	135	nicht so schön	2002-subjective6	negative	related
aspect	2020	158	161	Set	2020-aspect0	unknown	related
aspect	2020	188	190	es	2020-aspect1	unknown	related
subjective	2020	4	18	Letzte Schrott	2020-subjective2	negative	related
subjective	2020	170	177	Schrott	2020-subjective3	negative	related
subjective	2020	200	212	zurücksenden	2020-subjective4	negative	related
aspect	2021	54	68	Alltagsbesteck	2021-aspect0	unknown	related
aspect	2021	105	110	Optik	2021-aspect1	unknown	related
aspect	2021	161	176	Markenbestecken	2021-aspect2	unknown	foreign
aspect	2021	223	229	Messer	2021-aspect3	unknown	related
aspect	2021	287	299	Spülmaschine	2021-aspect4	unknown	related
aspect	2021	321	334	Besteckteilen	2021-aspect5	unknown	related
aspect	2021	416	423	Messern	2021-aspect6	unknown	related
aspect	2021	462	479	WMF-Besteck Merit	2021-aspect7	unknown	foreign
aspect	2021	573	584	BSF-Besteck	2021-aspect8	unknown	related
aspect	2021	607	614	optisch	2021-aspect9	unknown	related
aspect	2021	619	624	Merit	2021-aspect10	unknown	related
aspect	2021	654	661	Besteck	2021-aspect11	unknown	related
subjective	2021	0	14	Schön schlicht	2021-subjective12	positive	related
subjective	2021	24	28	edel	2021-subjective13	positive	related
subjective	2021	29	41	Sehr schönes	2021-subjective14	positive	related
subjective	2021	43	53	schlichtes	2021-subjective15	positive	related
subjective	2021	74	89	gut in der Hand	2021-subjective16	positive	related
subjective	2021	142	150	teureren	2021-subjective17	positive	related
subjective	2021	192	201	mithalten	2021-subjective18	positive	related
subjective	2021	212	217	Manko	2021-subjective19	negative	related
subjective	2021	253	264	Rostflecken	2021-subjective20	negative	related
subjective	2021	498	511	happige Preis	2021-subjective21	negative	related
subjective	2021	625	631	ähnelt	2021-subjective22	positive	related
subjective	2021	662	686	jederzeit wieder kaufen!	2021-subjective23	positive	related
aspect	2022	87	94	Artikel	2022-aspect0	unknown	related
aspect	2022	108	116	Qualität	2022-aspect1	unknown	related
aspect	2022	121	126	Preis	2022-aspect2	unknown	related
subjective	2022	0	20	Es geht nicht besser	2022-subjective3	positive	related
subjective	2022	127	144	sprechen für sich	2022-subjective4	positive	related
subjective	2022	147	164	einfach bestellen	2022-subjective5	positive	related
aspect	2023	3	8	Preis	2023-aspect0	unknown	related
aspect	2023	146	160	chenhelfer Set	2023-aspect1	unknown	related
aspect	2023	219	224	Preis	2023-aspect2	unknown	related
aspect	2023	243	254	Dosenöffner	2023-aspect3	unknown	related
aspect	2023	304	315	knobipresse	2023-aspect4	unknown	related
aspect	2023	336	351	eisportionierer	2023-aspect5	unknown	related
aspect	2023	408	423	Eisportionierer	2023-aspect6	unknown	related
aspect	2023	444	452	Material	2023-aspect7	unknown	related
aspect	2023	536	557	chen- & tomatenmesser	2023-aspect8	unknown	related
aspect	2023	599	605	gemüse	2023-aspect9	unknown	related
aspect	2023	608	612	obst	2023-aspect10	unknown	related
aspect	2023	629	640	dosenöffner	2023-aspect11	unknown	related
aspect	2023	692	703	Tortenheber	2023-aspect12	unknown	related
aspect	2023	767	788	Küchenreibe/käsehobel	2023-aspect13	unknown	related
aspect	2023	853	867	ikea-käsereibe	2023-aspect14	unknown	foreign
aspect	2023	870	881	Sparschäler	2023-aspect15	unknown	related
aspect	2023	916	930	Pizzaschneider	2023-aspect16	unknown	related
aspect	2023	949	962	Tiefkühlpizza	2023-aspect17	unknown	related
aspect	2023	991	1002	Schneebesen	2023-aspect18	unknown	related
aspect	2023	1063	1074	Knobipresse	2023-aspect19	unknown	related
aspect	2023	1106	1136	Flaschenöffner mit Dosenlocher	2023-aspect20	unknown	related
aspect	2023	1156	1160	pils	2023-aspect21	unknown	related
subjective	2023	0	2	1a	2023-subjective22	positive	related
subjective	2023	19	25	Mängel	2023-subjective23	negative	related
subjective	2023	128	143	sehr sehr gutes	2023-subjective24	positive	related
subjective	2023	213	218	super	2023-subjective25	positive	related
subjective	2023	259	270	sehr billig	2023-subjective26	negative	related
subjective	2023	283	298	kaputt gegangen	2023-subjective27	negative	related
subjective	2023	320	327	schrott	2023-subjective28	negative	related
subjective	2023	357	371	nicht makellos	2023-subjective29	negative	related
subjective	2023	431	434	gut	2023-subjective30	positive	related
subjective	2023	463	467	dünn	2023-subjective31	negative	related
subjective	2023	475	483	verbiegt	2023-subjective32	negative	related
subjective	2023	613	619	langts	2023-subjective33	positive	related
subjective	2023	649	660	sehr billig	2023-subjective34	negative	related
subjective	2023	711	726	zu hoher winkel	2023-subjective35	negative	related
subjective	2023	790	805	super praktisch	2023-subjective36	positive	related
subjective	2023	808	828	einfach  zu reinigen	2023-subjective37	positive	related
subjective	2023	902	914	gibt bessere	2023-subjective38	negative	related
subjective	2023	969	989	könnte schärfer sein	2023-subjective39	negative	related
subjective	2023	1004	1012	sehr gut	2023-subjective40	positive	related
subjective	2023	1017	1026	praktisch	2023-subjective41	positive	related
subjective	2023	1076	1083	schrott	2023-subjective42	negative	related
subjective	2023	1211	1220	empfehlen	2023-subjective43	positive	related
aspect	2025	11	37	Preis-Leistungs-Verhältnis	2025-aspect0	unknown	related
aspect	2025	59	66	Besteck	2025-aspect1	unknown	related
aspect	2025	112	114	Es	2025-aspect2	unknown	related
aspect	2025	147	165	Schliff der Messer	2025-aspect3	unknown	related
aspect	2025	209	217	Brötchen	2025-aspect4	unknown	related
aspect	2025	247	251	Kauf	2025-aspect5	unknown	related
aspect	2025	276	292	sehr viele Teile	2025-aspect6	unknown	related
aspect	2025	353	359	Spülen	2025-aspect7	unknown	related
aspect	2025	436	442	Messer	2025-aspect8	unknown	related
aspect	2025	554	561	Besteck	2025-aspect9	unknown	related
aspect	2025	726	755	wesentlich teureren Bestecken	2025-aspect10	unknown	foreign
subjective	2025	0	10	Sehr gutes	2025-subjective11	positive	related
subjective	2025	47	58	formschönes	2025-subjective12	positive	related
subjective	2025	84	101	schlichte Eleganz	2025-subjective13	positive	related
subjective	2025	115	141	liegt sehr gut in der Hand	2025-subjective14	positive	related
subjective	2025	218	232	aufzuschneiden	2025-subjective15	positive	related
subjective	2025	252	264	nicht bereut	2025-subjective16	positive	related
subjective	2025	297	318	nicht einmal 100 Euro	2025-subjective17	positive	related
subjective	2025	337	342	Manko	2025-subjective18	negative	related
subjective	2025	391	410	Abtrocknen von Hand	2025-subjective19	negative	related
subjective	2025	461	474	Wasserflecken	2025-subjective20	negative	related
subjective	2025	502	511	Rostfleck	2025-subjective21	negative	related
subjective	2025	607	621	Fingerabdrücke	2025-subjective22	negative	related
subjective	2025	665	669	wert	2025-subjective23	positive	related
subjective	2025	800	815	sehr zufrieden!	2025-subjective24	positive	related
aspect	2026	13	20	Besteck	2026-aspect0	unknown	related
aspect	2026	31	38	Besteck	2026-aspect1	unknown	related
aspect	2026	136	150	Pflegehinweise	2026-aspect2	unknown	related
aspect	2026	231	243	Beschichtung	2026-aspect3	unknown	related
aspect	2026	252	259	Griffen	2026-aspect4	unknown	related
subjective	2026	0	12	mangelhaftes	2026-subjective5	negative	related
subjective	2026	166	170	löst	2026-subjective6	negative	related
subjective	2026	351	368	schwarzen Flecken	2026-subjective7	negative	related
subjective	2026	391	413	nicht zu empfehlen !!!	2026-subjective8	negative	related
aspect	2027	40	47	Versand	2027-aspect0	unknown	related
aspect	2027	63	69	Amazon	2027-aspect1	unknown	related
aspect	2027	90	96	Design	2027-aspect2	unknown	related
aspect	2027	152	168	Langzeitqualität	2027-aspect3	unknown	related
aspect	2027	248	261	Messergriffen	2027-aspect4	unknown	related
aspect	2027	315	328	Messerklingen	2027-aspect5	unknown	related
aspect	2027	536	543	Produkt	2027-aspect6	unknown	related
subjective	2027	0	4	Rost	2027-subjective7	negative	related
subjective	2027	70	75	super	2027-subjective8	positive	related
subjective	2027	118	121	gut	2027-subjective9	positive	related
subjective	2027	169	174	nicht	2027-subjective10	negative	related
subjective	2027	223	230	Kratzer	2027-subjective11	negative	related
subjective	2027	336	340	Rost	2027-subjective12	negative	related
subjective	2027	507	518	Rostflecken	2027-subjective13	negative	related
subjective	2027	544	563	nicht wieder kaufen	2027-subjective14	negative	related
aspect	2028	40	45	Preis	2028-aspect1	unknown	related
aspect	2028	70	77	Besteck	2028-aspect2	unknown	related
aspect	2028	120	122	es	2028-aspect3	unknown	related
subjective	2028	30	39	günstigen	2028-subjective4	positive	related
subjective	2028	57	69	sehr schönes	2028-subjective5	positive	related
subjective	2028	95	108	etwas kleiner	2028-subjective6	negative	related
subjective	2028	128	147	immer wieder kaufen	2028-subjective7	positive	related
aspect	2029	8	15	Besteck	2029-aspect0	unknown	related
aspect	2029	29	36	Besteck	2029-aspect1	unknown	related
aspect	2029	88	97	Lieferung	2029-aspect2	unknown	related
subjective	2029	0	7	schönes	2029-subjective3	positive	related
subjective	2029	68	82	voll zufrieden	2029-subjective4	positive	related
subjective	2029	107	114	schnell	2029-subjective5	positive	related
subjective	2029	146	161	nicht verkratzt	2029-subjective6	positive	related
aspect	2029	133	135	es	2029-aspect7	unknown	related
aspect	2003	0	7	Besteck	2003-aspect0	unknown	related
aspect	2003	13	18	Kiste	2003-aspect1	unknown	related
aspect	2003	77	84	Besteck	2003-aspect2	unknown	related
aspect	2003	108	113	Kiste	2003-aspect3	unknown	related
aspect	2003	183	188	Stege	2003-aspect4	unknown	related
aspect	2003	221	228	Besteck	2003-aspect5	unknown	related
aspect	2003	277	283	Amazon	2003-aspect6	unknown	related
aspect	2003	397	407	Lieferzeit	2003-aspect7	unknown	related
aspect	2003	470	473	WMF	2003-aspect8	unknown	related
aspect	2003	501	511	neue Kiste	2003-aspect9	unknown	related
aspect	2003	600	603	WMF	2003-aspect10	unknown	related
aspect	2003	614	620	Amazon	2003-aspect11	unknown	related
subjective	2003	8	11	Top	2003-subjective12	positive	related
subjective	2003	19	23	Flop	2003-subjective13	negative	related
subjective	2003	89	98	wunderbar	2003-subjective14	positive	related
subjective	2003	170	176	defekt	2003-subjective15	negative	related
subjective	2003	189	200	abgebrochen	2003-subjective16	negative	related
subjective	2003	229	240	fünf Sterne	2003-subjective17	positive	related
subjective	2003	412	423	2-3 Monaten	2003-subjective18	negative	related
subjective	2003	512	528	nach einer Woche	2003-subjective19	positive	related
subjective	2003	538	547	KOSTENLOS	2003-subjective20	positive	related
subjective	2003	552	569	VERSANDKOSTENFREI	2003-subjective21	positive	related
subjective	2003	585	596	fünf Sterne	2003-subjective22	positive	related
subjective	2003	674	686	keinen Stern	2003-subjective23	negative	related
aspect	2030	19	31	Steakbesteck	2030-aspect0	unknown	related
aspect	2030	60	66	Messer	2030-aspect1	unknown	related
subjective	2030	36	50	schön verpackt	2030-subjective2	positive	related
subjective	2030	74	94	angenehm in der Hand	2030-subjective3	positive	related
subjective	2030	99	120	schneiden richtig gut	2030-subjective4	positive	related
subjective	2030	126	140	sehr zufrieden	2030-subjective5	positive	related
aspect	2031	28	35	Besteck	2031-aspect0	unknown	related
aspect	2031	40	47	Besteck	2031-aspect1	unknown	related
aspect	2031	75	81	Messer	2031-aspect2	unknown	related
aspect	2031	109	116	Fleisch	2031-aspect3	unknown	related
aspect	2031	124	130	Gabeln	2031-aspect4	unknown	related
aspect	2031	140	147	Fleisch	2031-aspect5	unknown	related
aspect	2031	176	185	3 "Zinken	2031-aspect6	unknown	related
aspect	2031	191	196	Salat	2031-aspect7	unknown	related
aspect	2031	236	248	Steakbesteck	2031-aspect8	unknown	related
subjective	2031	0	12	Sehr schönes	2031-subjective9	positive	related
subjective	2031	17	27	handliches	2031-subjective10	positive	related
subjective	2031	48	74	liegt sehr gut in der Hand	2031-subjective11	positive	related
subjective	2031	82	89	gleiten	2031-subjective12	positive	related
subjective	2031	118	123	super	2031-subjective13	positive	related
subjective	2031	148	164	optimal geeignet	2031-subjective14	positive	related
subjective	2031	202	218	bedingt geeignet	2031-subjective15	negative	related
subjective	2031	284	299	volle 5 Sterne!	2031-subjective16	positive	related
aspect	2318	138	144	Messer	2318-aspect0	unknown	related
aspect	2318	199	209	Brotmesser	2318-aspect1	unknown	related
aspect	2318	224	230	MEsser	2318-aspect2	unknown	related
aspect	2318	259	263	Kauf	2318-aspect3	unknown	related
subjective	2318	0	33	Nicht als Schneidemesser geeignet	2318-subjective4	negative	related
subjective	2318	36	48	nicht scharf	2318-subjective5	negative	related
subjective	2318	51	65	rosten schnell	2318-subjective6	negative	related
subjective	2318	71	130	lohnt es sich nicht einmal das bisschen Geld zu investieren	2318-subjective7	negative	related
subjective	2318	145	182	schneiden sehr schlecht bis gar nicht	2318-subjective8	negative	related
subjective	2318	215	217	ok	2318-subjective9	neutral	related
subjective	2318	231	251	rosten super schnell	2318-subjective10	negative	related
subjective	2318	273	286	nicht gelohnt	2318-subjective11	negative	related
subjective	2318	290	310	Sieht nur schick aus	2318-subjective12	positive	related
subjective	2318	315	329	mehr nicht :-(	2318-subjective13	negative	related
aspect	2032	34	36	es	2032-aspect0	unknown	related
aspect	2032	120	128	Material	2032-aspect1	unknown	related
aspect	2032	130	139	Edelstahl	2032-aspect2	unknown	related
aspect	2032	174	184	Qualitativ	2032-aspect3	unknown	related
aspect	2032	317	339	selbst gekochten Essen	2032-aspect4	unknown	related
subjective	2032	24	51	recht gut es dabei zu haben	2032-subjective5	positive	related
subjective	2032	53	73	Passt in jede Tasche	2032-subjective6	positive	related
subjective	2032	78	108	erfuelltt seinen Zweck optimal	2032-subjective7	positive	related
subjective	2032	146	155	langlebig	2032-subjective8	positive	related
subjective	2032	160	172	pflegeleicht	2032-subjective9	positive	related
subjective	2032	192	201	Chinaware	2032-subjective10	negative	related
subjective	2032	216	229	zu gebrauchen	2032-subjective11	positive	related
subjective	2032	241	268	deutsche Qualitaet erwartet	2032-subjective12	negative	related
subjective	2032	362	371	empfehlen	2032-subjective13	positive	related
aspect	2033	49	56	Besteck	2033-aspect0	unknown	related
aspect	2033	138	149	verarbeitet	2033-aspect1	unknown	related
subjective	2033	0	12	Tolle Arbeit	2033-subjective2	positive	related
subjective	2033	80	100	nichtteuer sein muss	2033-subjective3	positive	related
subjective	2033	101	123	Leigt toll in der Hand	2033-subjective4	positive	related
subjective	2033	134	137	gtu	2033-subjective5	positive	related
aspect	2337	15	22	Artikel	2337-aspect0	unknown	related
aspect	2337	40	46	Messer	2337-aspect1	unknown	related
aspect	2337	77	92	Kunststoffgriff	2337-aspect2	unknown	related
aspect	2337	133	137	Geld	2337-aspect3	unknown	related
aspect	2337	162	169	Artikel	2337-aspect4	unknown	related
subjective	2337	0	10	Sau Scharf	2337-subjective5	positive	related
subjective	2337	47	65	schneiden sehr gut	2337-subjective6	positive	related
subjective	2337	97	118	nicht ganz hochwertig	2337-subjective7	negative	related
subjective	2337	151	161	sehr guter	2337-subjective8	positive	related
aspect	2034	6	13	Besteck	2034-aspect0	unknown	related
aspect	2034	279	283	Ware	2034-aspect1	unknown	related
subjective	2034	0	5	Gutes	2034-subjective2	positive	related
subjective	2034	215	227	Super stabil	2034-subjective3	positive	related
subjective	2034	232	259	klapperlos zusammensteckbar	2034-subjective4	positive	related
subjective	2034	275	278	Top	2034-subjective5	positive	related
aspect	2343	38	44	Messer	2343-aspect0	unknown	related
aspect	2343	8	13	preis	2343-aspect1	unknown	related
aspect	2343	132	143	Bewertungen	2343-aspect2	unknown	related
aspect	2343	189	195	Messer	2343-aspect3	unknown	related
aspect	2343	282	294	Verarbeitung	2343-aspect4	unknown	related
aspect	2343	345	352	schärfe	2343-aspect5	unknown	related
aspect	2343	384	390	Messer	2343-aspect6	unknown	related
aspect	2343	424	430	Messer	2343-aspect7	unknown	related
aspect	2343	542	549	schärfe	2343-aspect8	unknown	related
subjective	2343	14	19	super	2343-subjective9	positive	related
subjective	2343	94	106	verunsichert	2343-subjective10	negative	related
subjective	2343	123	132	negativen	2343-subjective11	negative	related
subjective	2343	223	237	voll zufrieden	2343-subjective12	positive	related
subjective	2343	249	268	nicht eins gerostet	2343-subjective13	positive	related
subjective	2343	299	320	vollkommen in Ordnung	2343-subjective14	positive	related
subjective	2343	334	344	bemängelte	2343-subjective15	negative	related
subjective	2343	371	379	nicht so	2343-subjective16	positive	related
subjective	2343	396	408	super scharf	2343-subjective17	positive	related
subjective	2343	479	488	zufrieden	2343-subjective18	positive	related
subjective	2343	506	515	kein rost	2343-subjective19	positive	related
subjective	2343	567	582	total zufrieden	2343-subjective20	positive	related
aspect	2035	38	45	Einkauf	2035-aspect0	unknown	related
aspect	2035	97	104	Besteck	2035-aspect1	unknown	related
subjective	2035	0	16	Jede Zeit wieder	2035-subjective2	positive	related
subjective	2035	25	55	100% mit dem Einkauf zufrieden	2035-subjective3	positive	related
subjective	2035	105	112	wie neu	2035-subjective4	positive	related
subjective	2035	118	126	SUPER!!!	2035-subjective5	positive	related
aspect	2036	0	27	Victorinox Tafelmesser rund	2036-aspect0	unknown	related
aspect	2036	28	32	Ware	2036-aspect1	unknown	related
aspect	2036	70	76	Messer	2036-aspect2	unknown	related
aspect	2036	148	154	Messer	2036-aspect3	unknown	related
subjective	2036	33	59	wie beschrieben gelierfert	2036-subjective4	positive	related
subjective	2036	82	94	super scharf	2036-subjective5	positive	related
subjective	2036	99	123	liegen super in der Hand	2036-subjective6	positive	related
subjective	2036	131	147	jederzeit wieder	2036-subjective7	positive	related
aspect	2037	13	23	besteckset	2037-aspect0	unknown	related
aspect	2037	31	34	set	2037-aspect1	unknown	related
aspect	2037	116	119	set	2037-aspect2	unknown	related
aspect	2037	136	138	es	2037-aspect3	unknown	related
aspect	2037	185	194	Lieferung	2037-aspect4	unknown	related
subjective	2037	0	12	sehr schönes	2037-subjective5	positive	related
subjective	2037	96	110	sehr zufrieden	2037-subjective6	positive	related
subjective	2037	124	134	sehr schön	2037-subjective7	positive	related
subjective	2037	148	165	schlicht gehalten	2037-subjective8	positive	related
subjective	2037	176	183	zeitlos	2037-subjective9	positive	related
subjective	2037	204	210	prompt	2037-subjective10	positive	related
subjective	2037	212	229	Sehr zu empfehlen	2037-subjective11	positive	related
aspect	2038	0	75	WMF 1280236040 Steakbesteck 12-teilig WMF 1280236040 Steakbesteck 12-teilig	2038-aspect0	unknown	related
aspect	2038	85	92	Besteck	2038-aspect1	unknown	related
aspect	2038	103	109	Steaks	2038-aspect2	unknown	related
aspect	2038	164	166	es	2038-aspect3	unknown	related
subjective	2038	76	84	Scharfes	2038-subjective4	positive	related
subjective	2038	93	98	ideal	2038-subjective5	positive	related
subjective	2038	110	134	sieht auch sehr gut aus!	2038-subjective6	positive	related
subjective	2038	138	147	zufrieden	2038-subjective7	positive	related
subjective	2038	158	181	würde es wieder kaufen!	2038-subjective8	positive	related
aspect	2039	8	21	Küchenbesteck	2039-aspect0	unknown	related
aspect	2039	22	30	Qualität	2039-aspect1	unknown	related
aspect	2039	126	133	Besteck	2039-aspect2	unknown	related
aspect	2039	166	177	chenbesteck	2039-aspect3	unknown	related
aspect	2039	164	177	Küchenbesteck	2039-aspect4	unknown	related
aspect	2039	203	208	Gabel	2039-aspect5	unknown	related
aspect	2039	237	250	Plastikgriffe	2039-aspect6	unknown	related
aspect	2039	348	355	Besteck	2039-aspect7	unknown	related
aspect	2039	430	437	Ständer	2039-aspect8	unknown	related
aspect	2039	521	523	es	2039-aspect9	unknown	related
aspect	2039	548	553	Gabel	2039-aspect10	unknown	related
subjective	2039	0	7	Schönes	2039-subjective11	positive	related
subjective	2039	31	59	läßt etwas zu wünschen übrig	2039-subjective12	negative	related
subjective	2039	134	154	optisch hervorragend	2039-subjective13	positive	related
subjective	2039	156	163	Schönes	2039-subjective14	positive	related
subjective	2039	186	259	fielen von einer Gabel bereits nach zwei Tagen die Plastikgriffe herunter	2039-subjective15	negative	related
subjective	2039	271	284	neu angeklebt	2039-subjective16	negative	related
subjective	2039	331	342	drei Sterne	2039-subjective17	neutral	related
subjective	2039	356	377	liegt gut in der Hand	2039-subjective18	positive	related
subjective	2039	383	396	nicht zu groß	2039-subjective19	positive	related
subjective	2039	401	415	nicht zu klein	2039-subjective20	positive	related
subjective	2039	438	460	herrscht immer Ordnung	2039-subjective21	positive	related
subjective	2039	512	520	empfehle	2039-subjective22	positive	related
subjective	2039	534	539	Panne	2039-subjective23	negative	related
aspect	2004	0	12	steakbesteck	2004-aspect0	unknown	related
aspect	2004	31	39	liferung	2004-aspect1	unknown	related
aspect	2004	104	106	es	2004-aspect2	unknown	related
aspect	2004	121	129	verpackt	2004-aspect3	unknown	related
subjective	2004	17	30	sehr schnelle	2004-subjective4	positive	related
subjective	2004	40	55	keine wartezeit	2004-subjective5	positive	related
subjective	2004	115	120	schön	2004-subjective6	positive	related
subjective	2004	135	144	praktisch	2004-subjective7	positive	related
subjective	2004	153	167	sehr zufrieden	2004-subjective8	positive	related
subjective	2004	177	193	weiter empfällen	2004-subjective9	positive	related
aspect	2040	6	22	Preis - Leistung	2040-aspect0	unknown	related
aspect	2040	23	112	BSF 2225/68Pc dinner set Menu-Besteck Sienna 68-teilig, 18/10 Edelstahl im Attaché-Koffer	2040-aspect1	unknown	related
aspect	2040	120	125	Preis	2040-aspect2	unknown	related
aspect	2040	142	150	Qualität	2040-aspect3	unknown	related
aspect	2040	156	162	Koffer	2040-aspect4	unknown	related
subjective	2040	0	5	Super	2040-subjective5	positive	related
subjective	2040	131	141	echt tolle	2040-subjective6	positive	related
subjective	2040	163	184	taugt zwar nicht viel	2040-subjective7	negative	related
subjective	2040	259	282	jederzeit wieder kaufen	2040-subjective8	positive	related
aspect	2041	0	17	Victorinox-Messer	2041-aspect0	unknown	related
aspect	2041	34	40	Messer	2041-aspect1	unknown	related
aspect	2041	170	183	diesen Messer	2041-aspect2	unknown	related
aspect	2041	218	224	Messer	2041-aspect3	unknown	related
aspect	2041	301	314	vonVictorinox	2041-aspect4	unknown	related
subjective	2041	25	33	scharfen	2041-subjective5	positive	related
subjective	2041	184	203	trifft das nicht zu	2041-subjective6	positive	related
subjective	2041	229	249	sehr weiterempfehlen	2041-subjective7	positive	related
subjective	2041	255	314	nächsten Messer die ich mir kaufe sind wieder vonVictorinox	2041-subjective8	positive	related
aspect	2042	29	36	Besteck	2042-aspect0	unknown	related
aspect	2042	123	125	es	2042-aspect1	unknown	related
aspect	2042	362	369	Besteck	2042-aspect2	unknown	related
subjective	2042	0	10	Nicht okay	2042-subjective3	negative	related
subjective	2042	62	101	nie und nimmer ein bundeswehressbesteck	2042-subjective4	negative	related
subjective	2042	106	118	Sehr biegsam	2042-subjective5	negative	related
subjective	2042	126	145	geht schnell kaputt	2042-subjective6	negative	related
subjective	2042	146	165	2 sind schon kaputt	2042-subjective7	negative	related
subjective	2042	323	331	Desaster	2042-subjective8	negative	related
subjective	2042	370	391	nicht weiterempfehlen	2042-subjective9	negative	related
aspect	2043	0	7	Besteck	2043-aspect0	unknown	related
aspect	2043	33	46	Besteckkoffer	2043-aspect1	unknown	related
aspect	2043	156	163	Koffers	2043-aspect2	unknown	related
aspect	2043	172	184	Schaumstoffe	2043-aspect3	unknown	related
aspect	2043	208	215	Besteck	2043-aspect4	unknown	related
aspect	2043	456	462	Koffer	2043-aspect5	unknown	related
aspect	2043	567	574	Besteck	2043-aspect6	unknown	related
aspect	2043	702	708	Koffer	2043-aspect7	unknown	related
aspect	2043	766	780	Preis/Leistung	2043-aspect8	unknown	related
subjective	2043	15	19	okay	2043-subjective9	neutral	related
subjective	2043	51	77	schnell bei mir angekommen	2043-subjective10	positive	related
subjective	2043	134	151	penetrante Geruch	2043-subjective11	negative	related
subjective	2043	185	196	Sehr modrig	2043-subjective12	negative	related
subjective	2043	386	392	Geruch	2043-subjective13	negative	related
subjective	2043	582	595	sieht gut aus	2043-subjective14	positive	related
subjective	2043	718	734	schlimm gerochen	2043-subjective15	negative	related
subjective	2043	754	763	5 Sternef	2043-subjective16	positive	related
aspect	2044	34	41	Besteck	2044-aspect0	unknown	related
aspect	2044	80	87	Besteck	2044-aspect1	unknown	related
aspect	2044	164	169	Stege	2044-aspect2	unknown	related
aspect	2044	177	183	Kasten	2044-aspect3	unknown	related
aspect	2044	271	284	Kundenservice	2044-aspect4	unknown	related
aspect	2044	289	292	WMF	2044-aspect5	unknown	related
aspect	2044	391	410	neuen Besteckkasten	2044-aspect6	unknown	related
aspect	2044	12	19	Besteck	2044-aspect7	unknown	related
subjective	2044	4	11	schönes	2044-subjective8	positive	related
subjective	2044	94	113	seht guten Eindruck	2044-subjective9	positive	related
subjective	2044	202	211	gebrochen	2044-subjective10	negative	related
subjective	2044	375	384	kostenlos	2044-subjective11	positive	related
subjective	2044	499	526	Gesamteindruck sehr positiv	2044-subjective12	positive	related
aspect	2045	61	68	Besteck	2045-aspect0	unknown	related
aspect	2045	120	122	es	2045-aspect1	unknown	related
aspect	2045	151	163	Einige Teile	2045-aspect2	unknown	related
aspect	2045	198	208	matte Teil	2045-aspect3	unknown	related
aspect	2045	304	306	es	2045-aspect4	unknown	related
aspect	2045	398	403	Griff	2045-aspect5	unknown	related
subjective	2045	0	19	Absolut unzufrieden	2045-subjective6	negative	related
subjective	2045	127	145	absoluter Fehlkauf	2045-subjective7	negative	related
subjective	2045	181	189	verfärbt	2045-subjective8	negative	related
subjective	2045	222	231	betatscht	2045-subjective9	negative	related
subjective	2045	242	250	unsauber	2045-subjective10	negative	related
subjective	2045	265	272	abraten	2045-subjective11	negative	related
subjective	2045	321	331	nachspülen	2045-subjective12	negative	related
subjective	2045	371	379	polieren	2045-subjective13	negative	related
aspect	2046	8	15	Besteck	2046-aspect0	unknown	related
aspect	2046	32	37	Preis	2046-aspect1	unknown	related
aspect	2046	69	76	Besteck	2046-aspect2	unknown	related
aspect	2046	114	117	Set	2046-aspect3	unknown	related
aspect	2046	272	289	Spülmaschinentest	2046-aspect4	unknown	related
aspect	2046	294	296	es	2046-aspect5	unknown	related
aspect	2046	337	342	Farbe	2046-aspect6	unknown	related
subjective	2046	0	7	schönes	2046-subjective7	positive	related
subjective	2046	26	31	guten	2046-subjective8	positive	related
subjective	2046	46	60	sehr zufrieden	2046-subjective9	positive	related
subjective	2046	118	136	nur für 4 Personen	2046-subjective10	negative	related
subjective	2046	303	312	bestanden	2046-subjective11	positive	related
subjective	2046	314	335	liegt gut in der Hand	2046-subjective12	positive	related
aspect	2047	23	30	Besteck	2047-aspect0	unknown	related
aspect	2047	155	160	Preis	2047-aspect1	unknown	related
aspect	2047	237	248	zweites Set	2047-aspect2	unknown	foreign
aspect	2047	263	268	erste	2047-aspect3	unknown	related
subjective	2047	0	5	Super	2047-subjective4	positive	related
subjective	2047	35	48	einfach super	2047-subjective5	positive	related
subjective	2047	80	101	hervorragend geeignet	2047-subjective6	positive	related
subjective	2047	173	186	super Günstig	2047-subjective7	positive	related
subjective	2047	314	319	schön	2047-subjective8	positive	related
subjective	2047	321	343	kleine Gebrauch Spuren	2047-subjective9	neutral	related
aspect	2048	38	45	Besteck	2048-aspect0	unknown	related
aspect	2048	62	64	Es	2048-aspect1	unknown	related
aspect	2048	101	109	reinigen	2048-aspect2	unknown	related
aspect	2048	117	121	Form	2048-aspect3	unknown	related
aspect	2048	151	164	alten Besteck	2048-aspect4	unknown	foreign
aspect	2048	197	210	Löffelschalen	2048-aspect5	unknown	related
aspect	2048	333	342	schneiden	2048-aspect6	unknown	related
aspect	2048	347	353	Messer	2048-aspect7	unknown	related
aspect	2048	376	397	länge der Kabelzinken	2048-aspect8	unknown	related
aspect	2048	437	446	Teelöffel	2048-aspect9	unknown	related
aspect	2048	451	463	Kuchenkabeln	2048-aspect10	unknown	related
aspect	2048	615	622	Besteck	2048-aspect11	unknown	related
aspect	2048	654	659	Preis	2048-aspect12	unknown	related
subjective	2048	0	20	Vollkommen zufrieden	2048-subjective13	positive	related
subjective	2048	46	60	sehr zufrieden	2048-subjective14	positive	related
subjective	2048	71	78	zeitlos	2048-subjective15	positive	related
subjective	2048	95	100	prima	2048-subjective16	positive	related
subjective	2048	126	138	sehr elegant	2048-subjective17	positive	related
subjective	2048	180	187	Problem	2048-subjective18	positive	related
subjective	2048	219	236	sehr scharfkantig	2048-subjective19	negative	related
subjective	2048	309	328	hier nicht der Fall	2048-subjective20	positive	related
subjective	2048	359	367	sehr gut	2048-subjective21	positive	related
subjective	2048	398	411	genau richtig	2048-subjective22	positive	related
subjective	2048	416	432	gleiche gilt für	2048-subjective23	positive	related
subjective	2048	534	552	restlos begeistert	2048-subjective24	positive	related
subjective	2048	567	577	schlichtes	2048-subjective25	positive	related
subjective	2048	587	614	für jeden Anlass geeignetes	2048-subjective26	positive	related
subjective	2048	660	674	sehr zufrieden	2048-subjective27	positive	related
subjective	2048	681	700	Sehr empfehlenswert	2048-subjective28	positive	related
aspect	2049	39	45	Messer	2049-aspect0	unknown	related
aspect	2049	161	166	Preis	2049-aspect1	unknown	related
subjective	2049	0	4	Toll	2049-subjective2	positive	related
subjective	2049	6	25	lohnt sich wirklich	2049-subjective3	positive	related
aspect	2049	100	109	schneiden	2049-aspect4	unknown	related
subjective	2049	119	130	hervorragen	2049-subjective5	positive	related
subjective	2049	135	155	bleiben lange scharf	2049-subjective6	positive	related
aspect	2049	96	99	Sie	2049-aspect7	unknown	related
subjective	2049	196	206	in Ordnung	2049-subjective8	neutral	related
subjective	2049	221	238	sehr zu empfehlen	2049-subjective9	positive	related
aspect	2006	16	26	Gummigriff	2006-aspect0	unknown	related
aspect	2006	45	63	Metallverarbeitung	2006-aspect1	unknown	related
aspect	2006	72	80	Aussehen	2006-aspect2	unknown	related
aspect	2006	110	120	Ausführung	2006-aspect3	unknown	related
subjective	2006	0	10	Enttäuscht	2006-subjective4	negative	related
subjective	2006	31	34	gut	2006-subjective5	positive	related
subjective	2006	90	100	enttäuscht	2006-subjective6	negative	related
subjective	2006	121	127	billig	2006-subjective7	negative	related
subjective	2006	151	183	Hätte für das Geld mehr erwartet	2006-subjective8	negative	related
aspect	2008	39	50	Starter-Set	2008-aspect1	unknown	related
aspect	2008	217	219	es	2008-aspect2	unknown	related
subjective	2008	16	24	entsorgt	2008-subjective3	negative	related
subjective	2008	171	180	Korrosion	2008-subjective4	negative	related
subjective	2008	226	234	entsorgt	2008-subjective5	negative	related
aspect	2009	8	14	Messer	2009-aspect0	unknown	related
subjective	2009	0	3	TOP	2009-subjective1	positive	related
subjective	2009	15	42	sind und bleiben die Besten	2009-subjective2	positive	related
subjective	2009	44	64	Halten mehrere Jahre	2009-subjective3	positive	related
subjective	2009	69	93	sind daher ihr Geld wert	2009-subjective4	positive	related
subjective	2009	94	121	ABSOLUTE KAUFEMPFEHLUNG !!!	2009-subjective5	positive	related
aspect	4000	140	151	Mechanismus	4000-aspect0	unknown	related
aspect	4000	245	258	Kaffeeloeffel	4000-aspect1	unknown	related
aspect	4000	343	355	feste Tasche	4000-aspect2	unknown	foreign
aspect	4000	10	17	Besteck	4000-aspect3	unknown	related
aspect	4000	374	390	fehlender Tasche	4000-aspect4	unknown	foreign
aspect	4000	420	434	Campingbesteck	4000-aspect5	unknown	related
aspect	4000	474	476	es	4000-aspect6	unknown	related
subjective	4000	0	9	Perfektes	4000-subjective7	positive	related
subjective	4000	19	29	Alles dran	4000-subjective8	positive	related
subjective	4000	42	53	perfekteste	4000-subjective9	positive	related
subjective	4000	58	67	genialste	4000-subjective10	positive	related
subjective	4000	102	113	Kompaktheit	4000-subjective11	positive	related
aspect	4000	68	75	Besteck	4000-aspect12	unknown	related
subjective	4000	152	164	funktioniert	4000-subjective13	positive	related
subjective	4000	232	266	sogar an den Kaffeeloeffel gedacht	4000-subjective14	positive	related
subjective	4000	395	403	4 Sterne	4000-subjective15	negative	related
subjective	4000	486	501	weiterempfehlen	4000-subjective16	positive	related
subjective	4000	441	464	seit Jahren im Gebrauch	4000-subjective17	positive	related
subjective	4001	0	28	Edel, edel und noch mal edel	4001-subjective0	positive	related
subjective	4001	64	88	zum zweiten mal bestellt	4001-subjective1	positive	related
subjective	4001	97	107	fehlerfrei	4001-subjective2	positive	related
subjective	4001	112	123	wunderschön	4001-subjective3	positive	related
subjective	4001	159	179	etwas was mich stört	4001-subjective4	positive	related
subjective	4001	297	310	alles perfekt	4001-subjective5	positive	related
subjective	4001	312	332	Wie für mich gemacht	4001-subjective6	positive	related
subjective	4001	344	359	jedem empfehlen	4001-subjective7	positive	related
aspect	4001	36	43	Besteck	4001-aspect8	unknown	related
aspect	4001	90	92	Es	4001-aspect9	unknown	related
aspect	4001	286	292	Sienna	4001-aspect10	unknown	related
aspect	4001	341	343	es	4001-aspect11	unknown	related
aspect	4001	145	152	Besteck	4001-aspect12	unknown	foreign
aspect	4010	102	109	Besteck	4010-aspect0	unknown	related
aspect	4010	241	251	dieses SET	4010-aspect1	unknown	foreign
aspect	4010	322	324	Es	4010-aspect2	unknown	related
subjective	4010	0	3	oje	4010-subjective3	negative	related
subjective	4010	75	119	viel schlechtes über diese Besteck schreiben	4010-subjective4	negative	related
subjective	4010	195	208	guten Zustand	4010-subjective5	negative	related
subjective	4010	325	344	sieht immer neu aus	4010-subjective6	negative	related
aspect	4011	11	22	Besteck-Set	4011-aspect0	unknown	related
aspect	4011	39	65	Preis-leistungs-Verhältnis	4011-aspect1	unknown	related
aspect	4011	90	97	Besteck	4011-aspect2	unknown	related
aspect	4011	108	114	Design	4011-aspect3	unknown	related
aspect	4011	165	168	Set	4011-aspect4	unknown	related
aspect	4011	231	238	Besteck	4011-aspect5	unknown	related
aspect	4011	294	320	normales Ederstahl-Besteck	4011-aspect6	unknown	foreign
aspect	4011	389	401	Griffschalen	4011-aspect7	unknown	related
aspect	4011	406	412	Metall	4011-aspect8	unknown	related
aspect	4011	451	453	es	4011-aspect9	unknown	related
subjective	4011	0	10	Sehr gutes	4011-subjective10	positive	related
subjective	4011	24	38	Hervorragendes	4011-subjective11	positive	related
subjective	4011	67	120	Schon immer wollte ich Besteck in diesem Design haben	4011-subjective12	positive	related
subjective	4011	185	194	zufrieden	4011-subjective13	positive	related
subjective	4011	204	225	nichts zu beanstanden	4011-subjective14	positive	related
subjective	4011	239	265	liegt sehr gut in der Hand	4011-subjective15	positive	related
subjective	4011	281	289	schwerer	4011-subjective16	positive	related
subjective	4011	358	379	keine scharfen Kanten	4011-subjective17	positive	related
subjective	4011	454	477	jederzeit wieder kaufen	4011-subjective18	positive	related
aspect	4012	0	16	Steakbesteck WMF	4012-aspect0	unknown	related
aspect	4012	48	55	Besteck	4012-aspect1	unknown	related
aspect	4012	89	99	Verpackung	4012-aspect2	unknown	related
subjective	4012	17	47	Sehr gut in der Hand liegendes	4012-subjective3	positive	related
subjective	4012	57	65	schlicht	4012-subjective4	positive	related
subjective	4012	78	83	schön	4012-subjective5	positive	related
subjective	4012	115	124	Hingucker	4012-subjective6	positive	related
aspect	4013	40	47	Besteck	4013-aspect0	unknown	related
aspect	4013	108	115	Versand	4013-aspect1	unknown	related
aspect	4013	188	190	es	4013-aspect2	unknown	related
aspect	4013	256	262	Design	4013-aspect3	unknown	related
aspect	4013	378	390	Kuchengabeln	4013-aspect4	unknown	foreign
aspect	4013	456	458	es	4013-aspect5	unknown	related
aspect	4013	483	485	es	4013-aspect6	unknown	related
subjective	4013	5	15	Hochwertig	4013-subjective7	positive	related
subjective	4013	20	27	Günstig	4013-subjective8	positive	related
subjective	4013	104	107	Top	4013-subjective9	positive	related
subjective	4013	117	124	schnell	4013-subjective10	positive	related
subjective	4013	129	138	kostenlos	4013-subjective11	positive	related
subjective	4013	195	200	Super	4013-subjective12	positive	related
subjective	4013	236	246	Hochwertig	4013-subjective13	positive	related
subjective	4013	248	255	Schönes	4013-subjective14	positive	related
subjective	4013	264	285	Liegt gut in der Hand	4013-subjective15	positive	related
subjective	4013	291	297	leicht	4013-subjective16	positive	related
subjective	4013	302	309	Griffig	4013-subjective17	positive	related
subjective	4013	316	323	günstig	4013-subjective18	positive	related
subjective	4013	459	472	wieder kaufen	4013-subjective19	positive	related
subjective	4013	501	518	weiter empfehlen!	4013-subjective20	positive	related
aspect	4014	7	14	Besteck	4014-aspect0	unknown	related
aspect	4014	51	56	Preis	4014-aspect1	unknown	related
aspect	4014	65	72	Besteck	4014-aspect2	unknown	related
aspect	4014	140	144	Form	4014-aspect3	unknown	related
aspect	4014	237	244	Besteck	4014-aspect4	unknown	related
subjective	4014	0	6	Tolles	4014-subjective5	positive	related
subjective	4014	22	26	edel	4014-subjective6	positive	related
subjective	4014	32	39	optimal	4014-subjective7	positive	related
subjective	4014	85	90	toll!	4014-subjective8	positive	related
subjective	4014	97	105	glänzend	4014-subjective9	positive	related
subjective	4014	110	114	edel	4014-subjective10	positive	related
subjective	4014	129	139	schlichten	4014-subjective11	positive	related
subjective	4014	283	294	Rostflecken	4014-subjective12	negative	related
aspect	4015	6	21	Alltagsgeschirr	4015-aspect0	unknown	related
aspect	4015	42	50	Geschirr	4015-aspect1	unknown	related
subjective	4015	0	5	Gutes	4015-subjective2	positive	related
subjective	4015	22	27	Gutes	4015-subjective3	positive	related
subjective	4015	28	41	sehr robustes	4015-subjective4	positive	related
subjective	4015	62	77	alltagstauglich	4015-subjective5	positive	related
subjective	4015	87	105	für Festlichkeiten	4015-subjective6	positive	related
aspect	4016	0	14	Preis-Leistung	4016-aspect0	unknown	related
aspect	4016	32	41	Lieferung	4016-aspect1	unknown	related
aspect	4016	62	72	Besteckset	4016-aspect2	unknown	related
aspect	4016	132	137	damit	4016-aspect3	unknown	related
aspect	4016	235	237	es	4016-aspect4	unknown	related
subjective	4016	15	21	stimmt	4016-subjective5	positive	related
subjective	4016	23	31	schnelle	4016-subjective6	positive	related
subjective	4016	43	57	empfehlenswert	4016-subjective7	positive	related
subjective	4016	77	87	hochwertig	4016-subjective8	positive	related
subjective	4016	89	97	handlich	4016-subjective9	positive	related
subjective	4016	102	111	praktisch	4016-subjective10	positive	related
subjective	4016	122	131	zufrieden	4016-subjective11	positive	related
subjective	4016	139	160	Alles was man braucht	4016-subjective12	positive	related
subjective	4016	238	261	Spülmaschienen geeignet	4016-subjective13	positive	related
aspect	4017	13	20	Artikel	4017-aspect0	unknown	related
aspect	4017	29	35	Messer	4017-aspect1	unknown	related
aspect	4017	95	109	Geschirrspüler	4017-aspect2	unknown	related
aspect	4017	181	188	Produkt	4017-aspect3	unknown	related
aspect	4017	200	215	weichen Tomaten	4017-aspect4	unknown	related
aspect	4017	259	285	Preis,-Leistungsverhältnis	4017-aspect5	unknown	related
aspect	4017	314	324	Lieferzeit	4017-aspect6	unknown	related
aspect	4017	356	366	Abwicklung	4017-aspect7	unknown	related
aspect	4017	397	403	Messer	4017-aspect8	unknown	related
subjective	4017	0	12	Hochwertiger	4017-subjective9	positive	related
subjective	4017	46	64	wirklich schneiden	4017-subjective10	positive	related
subjective	4017	73	80	Vorteil	4017-subjective11	positive	related
subjective	4017	168	180	hochwertiges	4017-subjective12	positive	related
subjective	4017	216	228	gerecht wird	4017-subjective13	positive	related
subjective	4017	298	308	angemessen	4017-subjective14	positive	related
subjective	4017	343	347	kurz	4017-subjective15	positive	related
subjective	4017	367	370	1A!	4017-subjective16	positive	related
subjective	4017	418	430	sehr scharf!	4017-subjective17	positive	related
aspect	4018	13	20	Besteck	4018-aspect0	unknown	related
subjective	4018	0	8	voll süß	4018-subjective1	positive	related
subjective	4018	25	37	nicht scharf	4018-subjective2	positive	related
subjective	4018	65	86	Nicht daran schneiden	4018-subjective3	positive	related
subjective	4018	110	119	empfehlen	4018-subjective4	positive	related
subjective	4018	148	164	wie dem Original	4018-subjective5	positive	related
aspect	4019	14	21	besteck	4019-aspect0	unknown	related
aspect	4019	46	51	farbe	4019-aspect1	unknown	related
subjective	4019	0	9	sehr edel	4019-subjective2	positive	related
subjective	4019	28	37	sehr edel	4019-subjective3	positive	related
subjective	4019	56	77	nicht ganz so kräftig	4019-subjective4	negative	related
subjective	4019	102	112	sehr schön	4019-subjective5	positive	related
subjective	4019	113	116	:-)	4019-subjective6	positive	related
aspect	4002	0	22	Besteckkoffer Salzburg	4002-aspect0	unknown	related
aspect	4002	38	46	Bestecks	4002-aspect1	unknown	related
aspect	4002	213	221	Bestecks	4002-aspect2	unknown	related
aspect	4002	226	234	Qualität	4002-aspect3	unknown	related
aspect	4002	266	271	Dekor	4002-aspect4	unknown	related
aspect	4002	359	365	Koffer	4002-aspect5	unknown	related
subjective	4002	93	107	sehr zufrieden	4002-subjective6	positive	related
subjective	4002	132	139	gefreut	4002-subjective7	positive	related
subjective	4002	200	212	ordentlichen	4002-subjective8	positive	related
subjective	4002	239	250	einwandfrei	4002-subjective9	positive	related
subjective	4002	276	317	alles, was im Haushalt benötigt wird drin	4002-subjective10	positive	related
subjective	4002	380	396	weiter empfehlen	4002-subjective11	positive	related
aspect	4020	6	13	Besteck	4020-aspect0	unknown	related
aspect	4020	26	31	Preis	4020-aspect1	unknown	related
aspect	4020	36	45	Lieferung	4020-aspect2	unknown	related
aspect	4020	80	87	Besteck	4020-aspect3	unknown	related
aspect	4020	176	181	Preis	4020-aspect4	unknown	related
subjective	4020	0	5	Gutes	4020-subjective5	positive	related
subjective	4020	18	25	kleinen	4020-subjective6	positive	related
subjective	4020	55	67	sehr schnell	4020-subjective7	positive	related
subjective	4020	109	127	täglichen Gebrauch	4020-subjective8	positive	related
subjective	4020	144	167	hervorragenden Eindruck	4020-subjective9	positive	related
subjective	4020	187	207	klare Kaufempfehlung	4020-subjective10	positive	related
aspect	4021	9	16	Besteck	4021-aspect0	unknown	related
aspect	4021	51	73	24-teilige Menübesteck	4021-aspect1	unknown	related
aspect	4021	165	171	Messer	4021-aspect2	unknown	related
aspect	4021	218	225	Klingen	4021-aspect3	unknown	related
aspect	4021	324	330	Gabeln	4021-aspect4	unknown	related
aspect	4021	529	537	Qualität	4021-aspect5	unknown	related
aspect	4021	617	623	Design	4021-aspect6	unknown	related
aspect	4021	632	642	Handhabung	4021-aspect7	unknown	related
subjective	4021	0	8	Schickes	4021-subjective8	positive	related
subjective	4021	25	37	rostanfällig	4021-subjective9	negative	related
subjective	4021	182	196	schwarze Reste	4021-subjective10	negative	related
subjective	4021	337	343	schief	4021-subjective11	negative	related
subjective	4021	446	457	Rostflecken	4021-subjective12	negative	related
subjective	4021	509	546	Hatte wirklich mehr Qualität erwartet	4021-subjective13	negative	related
subjective	4021	572	580	rostfrei	4021-subjective14	negative	related
subjective	4021	668	672	toll	4021-subjective15	positive	related
subjective	4021	685	693	2 Sterne	4021-subjective16	neutral	related
aspect	4022	24	31	Besteck	4022-aspect0	unknown	related
aspect	4022	72	79	Besteck	4022-aspect1	unknown	related
aspect	4022	154	159	Preis	4022-aspect2	unknown	related
aspect	4022	184	192	Qualität	4022-aspect3	unknown	related
subjective	4022	0	9	Günstiges	4022-subjective4	positive	related
subjective	4022	11	23	hochwertiges	4022-subjective5	positive	related
subjective	4022	33	51	Wirklich klasse!!!	4022-subjective6	positive	related
subjective	4022	124	148	nichts daran auszusetzen	4022-subjective7	positive	related
subjective	4022	164	175	einwandfrei	4022-subjective8	positive	related
subjective	4022	198	213	sehr hochwertig	4022-subjective9	positive	related
subjective	4022	223	233	emfehlen!!	4022-subjective10	positive	related
subjective	4022	234	243	Kaufen!!!	4022-subjective11	positive	related
aspect	4024	68	75	Besteck	4024-aspect0	unknown	related
aspect	4024	153	163	Besteckset	4024-aspect1	unknown	related
aspect	4024	260	273	Billigbesteck	4024-aspect2	unknown	foreign
aspect	4024	425	432	Besteck	4024-aspect3	unknown	related
aspect	4024	456	472	Billig-Bestecken	4024-aspect4	unknown	foreign
aspect	4024	571	582	Rezensionen	4024-aspect5	unknown	related
aspect	4024	607	613	Messer	4024-aspect6	unknown	related
aspect	4024	913	920	optisch	4024-aspect7	unknown	related
subjective	4024	0	11	Rostflecken	4024-subjective8	negative	related
subjective	4024	412	424	ordentliches	4024-subjective9	positive	related
subjective	4024	666	675	Rostfleck	4024-subjective10	negative	related
subjective	4024	742	749	blöd!!!	4024-subjective11	negative	related
subjective	4024	926	932	hübsch	4024-subjective12	positive	related
aspect	4026	8	15	Besteck	4026-aspect0	unknown	related
aspect	4026	35	42	Besteck	4026-aspect1	unknown	related
aspect	4026	103	105	es	4026-aspect2	unknown	related
subjective	4026	0	7	Schönes	4026-subjective3	positive	related
subjective	4026	16	28	Sehr schönes	4026-subjective4	positive	related
subjective	4026	29	34	edles	4026-subjective5	positive	related
subjective	4026	82	97	super aussieht!	4026-subjective6	positive	related
subjective	4026	106	129	jederzeit wieder kaufen	4026-subjective7	positive	related
subjective	4026	140	150	empfehlen!	4026-subjective8	positive	related
subjective	4026	151	153	:)	4026-subjective9	positive	related
aspect	4027	13	22	Messerset	4027-aspect0	unknown	related
aspect	4027	68	75	Artikel	4027-aspect1	unknown	related
aspect	4027	112	136	Preisleistungsverhaltnis	4027-aspect2	unknown	related
subjective	4027	0	8	alles ok	4027-subjective3	positive	related
subjective	4027	27	62	innerhalb der angeebenen Lieferzeit	4027-subjective4	positive	related
subjective	4027	76	99	sind wie es beschrieben	4027-subjective5	positive	related
subjective	4027	137	144	stimmt!	4027-subjective6	positive	related
subjective	4027	145	162	Alles in Ordnung!	4027-subjective7	positive	related
aspect	4028	5	13	Qualität	4028-aspect0	unknown	related
aspect	4028	34	39	Preis	4028-aspect1	unknown	related
aspect	4028	51	58	Besteck	4028-aspect2	unknown	related
aspect	4028	78	84	Messer	4028-aspect3	unknown	related
aspect	4028	126	133	Fleisch	4028-aspect4	unknown	related
subjective	4028	0	4	Gute	4028-subjective5	positive	related
subjective	4028	23	33	sehr guten	4028-subjective6	positive	related
subjective	4028	45	50	gutes	4028-subjective7	positive	related
subjective	4028	90	96	scharf	4028-subjective8	positive	related
subjective	4028	134	141	positiv	4028-subjective9	positive	related
aspect	4003	10	13	set	4003-aspect0	unknown	related
aspect	4003	63	69	Koffer	4003-aspect1	unknown	related
aspect	4003	95	97	es	4003-aspect2	unknown	related
subjective	4003	4	9	Super	4003-subjective3	positive	related
subjective	4003	19	30	alles dabei	4003-subjective4	positive	related
subjective	4003	31	56	lässt keine wünsche offen	4003-subjective5	positive	related
subjective	4003	57	62	Edler	4003-subjective6	positive	related
subjective	4003	79	89	begeistert	4003-subjective7	positive	related
subjective	4003	102	118	weiter empfehlen	4003-subjective8	positive	related
aspect	4030	8	18	Besteckset	4030-aspect0	unknown	related
aspect	4030	39	50	Steakmesser	4030-aspect1	unknown	foreign
aspect	4030	74	85	Firma Gräwe	4030-aspect2	unknown	related
aspect	4030	108	116	lieferte	4030-aspect3	unknown	related
aspect	4030	147	168	24-teilige Besteckset	4030-aspect4	unknown	related
aspect	4030	176	181	Firma	4030-aspect5	unknown	related
aspect	4030	202	204	Es	4030-aspect6	unknown	related
aspect	4030	287	293	Gabeln	4030-aspect7	unknown	related
aspect	4030	338	343	Alten	4030-aspect8	unknown	foreign
aspect	4030	295	298	Sie	4030-aspect9	unknown	related
aspect	4030	355	364	Teelöffel	4030-aspect10	unknown	related
aspect	4030	399	403	Form	4030-aspect11	unknown	related
aspect	4030	412	418	Kaffee	4030-aspect12	unknown	related
aspect	4030	447	454	Joghurt	4030-aspect13	unknown	related
aspect	4030	489	495	Messer	4030-aspect14	unknown	related
aspect	4030	517	528	Steakmesser	4030-aspect15	unknown	foreign
aspect	4030	576	583	Stullen	4030-aspect16	unknown	related
aspect	4030	597	606	Schnitzel	4030-aspect17	unknown	related
aspect	4030	651	662	Firma Gräwe	4030-aspect18	unknown	related
aspect	4030	778	782	Hier	4030-aspect19	unknown	related
subjective	4030	0	7	Solides	4030-subjective20	positive	related
subjective	4030	95	107	blitzschnell	4030-subjective21	positive	related
subjective	4030	209	251	genau so, wie ich es mir vorgestellt hatte	4030-subjective22	positive	related
subjective	4030	253	259	super!	4030-subjective23	positive	related
subjective	4030	311	325	längere Zinken	4030-subjective24	positive	related
subjective	4030	370	376	spitze	4030-subjective25	positive	related
subjective	4030	389	398	rundliche	4030-subjective26	positive	related
subjective	4030	419	438	schneller umgerührt	4030-subjective27	positive	related
subjective	4030	455	477	schneller ausgelöffelt	4030-subjective28	positive	related
subjective	4030	529	535	scharf	4030-subjective29	positive	related
subjective	4030	618	630	kein Problem	4030-subjective30	positive	related
subjective	4030	725	731	SOFORT	4030-subjective31	positive	related
subjective	4030	746	768	vollsten Zufriedenheit	4030-subjective32	positive	related
subjective	4030	793	825	jederzeit wieder etwas bestellen	4030-subjective33	positive	related
subjective	4030	827	849	Besser geht`s nicht!!!	4030-subjective34	positive	related
aspect	4300	72	78	Messer	4300-aspect0	unknown	related
aspect	4300	144	147	sie	4300-aspect1	unknown	related
subjective	4300	0	19	Nette Überraschung!	4300-subjective2	positive	related
subjective	4300	37	55	positiv überrascht	4300-subjective3	positive	related
subjective	4300	119	133	sehr zufrieden	4300-subjective4	positive	related
subjective	4300	193	213	immer wieder kaufen!	4300-subjective5	positive	related
