aspect	2150	10	19	Mülleimer	2150-aspect0	unknown	related
aspect	2150	96	102	Auszug	2150-aspect1	unknown	related
aspect	2150	179	181	es	2150-aspect2	unknown	related
subjective	2150	0	5	Passt	2150-subjective3	positive	related
aspect	2150	65	74	montieren	2150-aspect4	unknown	related
subjective	2150	33	45	sehr einfach	2150-subjective5	positive	related
subjective	2150	84	91	klemmte	2150-subjective6	negative	related
subjective	2150	147	164	seeehr verbessert	2150-subjective7	positive	related
subjective	2150	199	209	praktisch!	2150-subjective8	positive	related
aspect	2151	18	24	Modell	2151-aspect0	unknown	related
aspect	2151	41	50	Vorgänger	2151-aspect1	unknown	foreign
aspect	2151	233	246	dieses Modell	2151-aspect2	unknown	related
aspect	2151	334	341	Gehäuse	2151-aspect3	unknown	related
aspect	2151	468	478	Vollauszug	2151-aspect4	unknown	related
aspect	2151	490	498	Behälter	2151-aspect5	unknown	related
aspect	2151	530	537	Deckels	2151-aspect6	unknown	related
aspect	2151	561	567	Deckel	2151-aspect7	unknown	related
aspect	2151	638	650	Kerhschaufel	2151-aspect8	unknown	related
aspect	2151	652	662	Müllbeutel	2151-aspect9	unknown	related
subjective	2151	0	10	Zweckmäßig	2151-subjective10	positive	related
subjective	2151	183	213	instabiler, nervender Fehlkauf	2151-subjective11	positive	related
subjective	2151	224	232	Nicht so	2151-subjective12	positive	related
subjective	2151	342	381	schliesst mit einem spürbaren Einrasten	2151-subjective13	positive	related
subjective	2151	411	456	nicht zu viel schlechter Geruch nach draussen	2151-subjective14	positive	related
subjective	2151	546	555	entnehmen	2151-subjective15	positive	related
subjective	2151	580	591	unbeweglich	2151-subjective16	positive	related
subjective	2151	616	633	praktische Ablage	2151-subjective17	positive	related
aspect	2152	30	35	Preis	2152-aspect0	unknown	related
aspect	2152	44	51	Produkt	2152-aspect1	unknown	related
aspect	2152	76	82	Stände	2152-aspect2	unknown	related
aspect	2152	169	173	Sack	2152-aspect3	unknown	related
aspect	2152	181	188	Ständer	2152-aspect4	unknown	related
aspect	2152	233	240	Ständer	2152-aspect5	unknown	related
aspect	2152	323	327	Sack	2152-aspect6	unknown	related
aspect	2152	367	374	Ständer	2152-aspect7	unknown	related
aspect	2152	476	478	er	2152-aspect8	unknown	related
aspect	2152	491	493	er	2152-aspect9	unknown	related
aspect	2152	525	528	ihn	2152-aspect10	unknown	related
subjective	2152	59	61	ok	2152-subjective11	neutral	related
subjective	2152	0	21	Erfüllt seinen Zweck!	2152-subjective12	positive	related
subjective	2152	208	227	wesentlich leichter	2152-subjective13	positive	related
subjective	2152	250	258	wackelig	2152-subjective14	negative	related
subjective	2152	466	484	schön ist er nicht	2152-subjective15	negative	related
subjective	2152	494	514	erfüllt seinen Zweck	2152-subjective16	positive	related
subjective	2152	520	542	würd ihn wieder kaufen	2152-subjective17	positive	related
aspect	2153	56	65	laufruhig	2153-aspect0	unknown	related
aspect	2153	84	89	Preis	2153-aspect1	unknown	related
aspect	2153	138	140	es	2153-aspect2	unknown	related
aspect	2153	180	189	montieren	2153-aspect3	unknown	related
subjective	2153	0	35	So wie ich mir das vorgestellt habe	2153-subjective4	positive	related
subjective	2153	45	54	praktisch	2153-subjective5	positive	related
subjective	2153	66	82	passt ganz genau	2153-subjective6	positive	related
subjective	2153	94	101	günstig	2153-subjective7	positive	related
subjective	2153	116	131	weiterempfehlen	2153-subjective8	positive	related
subjective	2153	132	164	Würde es sofort wieder bestellen	2153-subjective9	positive	related
subjective	2153	165	176	Superleicht	2153-subjective10	positive	related
aspect	2154	32	41	Mülleimer	2154-aspect0	unknown	related
aspect	2154	136	145	Batterien	2154-aspect1	unknown	related
aspect	2154	224	231	Deckels	2154-aspect2	unknown	related
aspect	2154	273	282	schließen	2154-aspect3	unknown	related
aspect	2154	287	289	er	2154-aspect4	unknown	related
aspect	2154	326	332	Eimmer	2154-aspect5	unknown	related
aspect	2154	369	372	ihn	2154-aspect6	unknown	related
aspect	2154	455	457	Er	2154-aspect7	unknown	related
subjective	2154	12	22	klasse !!!	2154-subjective8	positive	related
subjective	2154	172	193	immer noch die ersten	2154-subjective9	positive	related
subjective	2154	199	219	Kein lästiges öffnen	2154-subjective10	positive	related
subjective	2154	310	320	von allein	2154-subjective11	positive	related
subjective	2154	349	355	Klasse	2154-subjective12	positive	related
subjective	2154	377	392	weiterempfehlen	2154-subjective13	positive	related
subjective	2154	449	452	:-)	2154-subjective14	positive	related
subjective	2154	467	483	sein Geld wert !	2154-subjective15	positive	related
aspect	2155	0	14	Müllentsorgung	2155-aspect0	unknown	related
aspect	2155	32	41	Lieferung	2155-aspect1	unknown	related
aspect	2155	58	63	Preis	2155-aspect2	unknown	related
aspect	2155	95	102	Produkt	2155-aspect3	unknown	related
aspect	2155	124	133	Mülleimer	2155-aspect4	unknown	related
aspect	2155	142	148	Sensor	2155-aspect5	unknown	related
aspect	2155	238	240	er	2155-aspect6	unknown	related
aspect	2155	352	361	Mülleimer	2155-aspect7	unknown	related
aspect	2155	380	383	ihn	2155-aspect8	unknown	related
subjective	2155	46	53	schnell	2155-subjective9	positive	related
subjective	2155	68	86	absolut in Ordnung	2155-subjective10	positive	related
subjective	2155	107	119	einfach toll	2155-subjective11	positive	related
subjective	2155	149	173	funktioniert einwandfrei	2155-subjective12	positive	related
subjective	2155	232	263	sorgt er immer für einen Lacher	2155-subjective13	positive	related
subjective	2155	315	318	:-)	2155-subjective14	positive	related
subjective	2155	333	342	praktisch	2155-subjective15	positive	related
subjective	2155	388	397	empfehlen	2155-subjective16	positive	related
aspect	2156	66	71	Eimer	2156-aspect0	unknown	related
aspect	2156	123	130	Gadgets	2156-aspect1	unknown	related
aspect	2156	157	165	TonneAuf	2156-aspect2	unknown	related
aspect	2156	166	174	Amerzone	2156-aspect3	unknown	related
aspect	2156	185	192	Produkt	2156-aspect4	unknown	related
aspect	2156	254	259	Tonne	2156-aspect5	unknown	related
aspect	2156	307	316	Batterien	2156-aspect6	unknown	related
aspect	2156	342	356	Inbetriebnahme	2156-aspect7	unknown	related
aspect	2156	398	404	Sensor	2156-aspect8	unknown	related
aspect	2156	426	432	Öffnet	2156-aspect9	unknown	related
aspect	2156	437	445	schließt	2156-aspect10	unknown	related
aspect	2156	462	466	Ring	2156-aspect11	unknown	related
aspect	2156	474	478	Tüte	2156-aspect12	unknown	related
aspect	2156	534	536	er	2156-aspect13	unknown	related
aspect	2156	580	585	Tonne	2156-aspect14	unknown	related
aspect	2156	728	733	Preis	2156-aspect15	unknown	related
aspect	2156	777	784	Produkt	2156-aspect16	unknown	related
subjective	2156	4	43	läst das Spielkindherzen höher schlagen	2156-subjective17	positive	related
subjective	2156	60	65	Luxus	2156-subjective18	positive	related
subjective	2156	101	106	liebe	2156-subjective19	positive	related
subjective	2156	206	221	beste Bewertung	2156-subjective20	positive	related
subjective	2156	233	243	Berechtigt	2156-subjective21	positive	related
subjective	2156	248	253	Luxus	2156-subjective22	positive	related
subjective	2156	264	278	gut gepolstert	2156-subjective23	positive	related
subjective	2156	283	286	OVP	2156-subjective24	positive	related
subjective	2156	405	425	funktioniert Perfekt	2156-subjective25	positive	related
subjective	2156	446	457	zuverlässig	2156-subjective26	positive	related
subjective	2156	504	521	robusten eindruck	2156-subjective27	positive	related
subjective	2156	526	541	tut was er soll	2156-subjective28	positive	related
subjective	2156	690	718	nur wenn man etwas wegwerfen	2156-subjective29	positive	related
aspect	2156	586	592	öffnet	2156-aspect30	unknown	related
aspect	2156	597	605	schließt	2156-aspect31	unknown	related
subjective	2156	738	759	vollkommen in Ordnung	2156-subjective32	positive	related
subjective	2156	771	776	super	2156-subjective33	positive	related
subjective	2156	799	820	klare Kaufenmpfehlung	2156-subjective34	positive	related
aspect	2157	40	47	Produkt	2157-aspect0	unknown	related
aspect	2157	88	93	Größe	2157-aspect1	unknown	related
aspect	2157	148	154	Einbau	2157-aspect2	unknown	related
aspect	2157	167	171	Lauf	2157-aspect3	unknown	related
aspect	2157	184	192	Schienen	2157-aspect4	unknown	related
aspect	2157	203	210	Nutzung	2157-aspect5	unknown	related
subjective	2157	0	15	traumhaft leise	2157-subjective6	positive	related
subjective	2157	20	35	enorm praktisch	2157-subjective7	positive	related
subjective	2157	52	61	praktisch	2157-subjective8	positive	related
subjective	2157	63	76	stabil gebaut	2157-subjective9	positive	related
subjective	2157	94	106	sehr passend	2157-subjective10	positive	related
subjective	2157	136	147	Passgenauer	2157-subjective11	positive	related
subjective	2157	159	166	ruhiger	2157-subjective12	positive	related
subjective	2157	175	183	stabilen	2157-subjective13	positive	related
subjective	2157	211	218	perfekt	2157-subjective14	positive	related
aspect	2158	67	81	Müll-Wegwerfen	2158-aspect0	unknown	related
aspect	2158	108	127	Automatische Klappe	2158-aspect1	unknown	related
aspect	2158	165	170	Strom	2158-aspect2	unknown	related
aspect	2158	181	190	Baterrien	2158-aspect3	unknown	related
subjective	2158	0	4	groß	2158-subjective4	positive	related
subjective	2158	9	17	geräumig	2158-subjective5	positive	related
subjective	2158	28	32	groß	2158-subjective6	positive	related
subjective	2158	46	58	platzsparend	2158-subjective7	positive	related
subjective	2158	91	103	Erlebnis :-)	2158-subjective8	positive	related
subjective	2158	132	136	cool	2158-subjective9	positive	related
subjective	2158	138	164	verbraucht auch nicht viel	2158-subjective10	positive	related
subjective	2158	191	209	halten schon lange	2158-subjective11	positive	related
subjective	2159	0	22	Absolut empfehlenswert	2159-subjective0	positive	related
subjective	2159	23	43	Alles wirklich super	2159-subjective1	positive	related
subjective	2159	60	76	nichts Negatives	2159-subjective2	positive	related
subjective	2159	90	102	immer wieder	2159-subjective3	positive	related
aspect	2160	10	22	innere RInge	2160-aspect0	unknown	related
aspect	2160	39	48	Mülltüten	2160-aspect1	unknown	related
aspect	2160	67	73	Tonnen	2160-aspect2	unknown	related
aspect	2160	118	127	entsorgen	2160-aspect3	unknown	related
aspect	2160	132	137	Mülls	2160-aspect4	unknown	related
aspect	2160	158	170	vollen Tüten	2160-aspect5	unknown	related
subjective	2160	0	3	Top	2160-subjective6	positive	related
subjective	2160	49	59	unsichtbar	2160-subjective7	positive	related
subjective	2160	109	117	sauberes	2160-subjective8	positive	related
aspect	2161	0	14	Preis/Leistung	2161-aspect0	unknown	related
aspect	2161	34	43	montieren	2161-aspect1	unknown	related
aspect	2161	125	130	Preis	2161-aspect2	unknown	related
aspect	2161	201	221	verschiedenen Beutel	2161-aspect3	unknown	related
aspect	2161	192	196	Höhe	2161-aspect4	unknown	related
aspect	2161	241	250	entnehmen	2161-aspect5	unknown	related
aspect	2161	255	269	vollen Beutels	2161-aspect6	unknown	related
subjective	2161	15	19	okay	2161-subjective7	neutral	related
subjective	2161	24	30	leicht	2161-subjective8	positive	related
subjective	2161	62	70	instabil	2161-subjective9	negative	related
subjective	2161	75	83	klapprig	2161-subjective10	negative	related
subjective	2161	94	107	1 Stern Abzug	2161-subjective11	negative	related
subjective	2161	131	148	völlig in Ordnung	2161-subjective12	positive	related
subjective	2161	153	162	benutzbar	2161-subjective13	positive	related
subjective	2161	164	169	Super	2161-subjective14	positive	related
subjective	2161	222	230	anpassen	2161-subjective15	positive	related
subjective	2161	281	298	ziemlich fummlich	2161-subjective16	negative	related
aspect	2162	17	32	Müllsackständer	2162-aspect0	unknown	related
aspect	2162	69	84	zusammenzubauen	2162-aspect1	unknown	related
aspect	2162	119	134	Müllsackständer	2162-aspect2	unknown	related
subjective	2162	0	12	Stabil genug	2162-subjective3	positive	related
subjective	2162	33	59	erfüllt alle Anforderungen	2162-subjective4	positive	related
subjective	2162	61	68	Einfach	2162-subjective5	positive	related
subjective	2162	89	104	stabil im Stand	2162-subjective6	positive	related
subjective	2162	151	173	Kauf hat sich gelohnt!	2162-subjective7	positive	related
aspect	2163	12	23	Mülltrenner	2163-aspect0	unknown	related
aspect	2163	28	47	Mülltrennungssystem	2163-aspect1	unknown	related
aspect	2163	52	57	Hailo	2163-aspect2	unknown	related
aspect	2163	77	89	installieren	2163-aspect3	unknown	related
aspect	2163	95	100	Eimer	2163-aspect4	unknown	related
aspect	2163	123	132	Halterung	2163-aspect5	unknown	related
aspect	2163	146	154	entleert	2163-aspect6	unknown	related
aspect	2163	172	181	Reinigung	2163-aspect7	unknown	related
subjective	2163	0	11	Praktischer	2163-subjective8	positive	related
subjective	2163	62	73	sehr leicht	2163-subjective9	positive	related
subjective	2163	108	114	leicht	2163-subjective10	positive	related
subjective	2163	186	196	problemlos	2163-subjective11	positive	related
aspect	2164	4	17	Abfallsammler	2164-aspect0	unknown	related
aspect	2164	33	41	Mülltüte	2164-aspect1	unknown	related
aspect	2164	94	110	Hailo-Mülleimern	2164-aspect2	unknown	related
aspect	2164	132	146	Errungenschaft	2164-aspect3	unknown	related
aspect	2164	161	170	Mülleimer	2164-aspect4	unknown	related
aspect	2164	184	195	verarbeitet	2164-aspect5	unknown	related
aspect	2164	235	250	Tretmechanismus	2164-aspect6	unknown	related
aspect	2164	284	294	Inneneimer	2164-aspect7	unknown	related
aspect	2164	309	318	Gummiband	2164-aspect8	unknown	related
aspect	2164	350	360	Müllbeutel	2164-aspect9	unknown	related
aspect	2164	394	404	Müllbeutel	2164-aspect10	unknown	related
aspect	2164	426	431	Eimer	2164-aspect11	unknown	related
aspect	2164	451	457	Henkel	2164-aspect12	unknown	related
aspect	2164	486	494	Mülltüte	2164-aspect13	unknown	related
aspect	2164	540	550	Müllbeutel	2164-aspect14	unknown	related
aspect	2164	589	594	Eimer	2164-aspect15	unknown	related
aspect	2164	617	627	Aussparung	2164-aspect16	unknown	related
aspect	2164	648	660	vollen Eimer	2164-aspect17	unknown	related
aspect	2164	694	700	Henkel	2164-aspect18	unknown	related
subjective	2164	18	32	ohne sichtbare	2164-subjective19	positive	related
subjective	2164	63	79	stolzer Besitzer	2164-subjective20	positive	related
subjective	2164	147	156	zufrieden	2164-subjective21	positive	related
subjective	2164	175	183	sehr gut	2164-subjective22	positive	related
subjective	2164	200	213	rutscht nicht	2164-subjective23	positive	related
subjective	2164	251	275	funktioniert einwandfrei	2164-subjective24	positive	related
subjective	2164	380	420	sieht man den Müllbeutel von außen nicht	2164-subjective25	positive	related
subjective	2164	495	507	verschwindet	2164-subjective26	positive	related
subjective	2164	661	681	bequem herauszuholen	2164-subjective27	positive	related
subjective	2164	758	768	zufrieden!	2164-subjective28	positive	related
aspect	2166	0	38	Hailo Einbau-Mülltrennungssystem Multi	2166-aspect0	unknown	related
aspect	2166	43	47	Ware	2166-aspect1	unknown	related
aspect	2166	86	92	Deckel	2166-aspect2	unknown	related
aspect	2166	98	107	Haltenase	2166-aspect3	unknown	related
aspect	2166	125	134	Mülleimer	2166-aspect4	unknown	related
subjective	2166	52	66	sehr praktisch	2166-subjective5	positive	related
subjective	2166	108	119	abgebrochen	2166-subjective6	negative	related
subjective	2166	151	162	sehr stabil	2166-subjective7	positive	related
subjective	2166	167	186	haltbar konstruiert	2166-subjective8	positive	related
aspect	2167	84	95	Abfalleimer	2167-aspect0	unknown	related
aspect	2167	120	128	bedienen	2167-aspect1	unknown	related
aspect	2167	172	182	auf and zu	2167-aspect2	unknown	related
subjective	2167	0	13	Super einfach	2167-subjective3	positive	related
subjective	2167	18	24	sauber	2167-subjective4	positive	related
subjective	2167	44	54	begeistert	2167-subjective5	positive	related
subjective	2167	96	101	Super	2167-subjective6	positive	related
subjective	2167	109	116	einfach	2167-subjective7	positive	related
aspect	2167	102	104	Er	2167-aspect8	unknown	related
subjective	2167	133	139	sauber	2167-subjective9	positive	related
subjective	2167	160	171	automatisch	2167-subjective10	positive	related
aspect	2168	15	24	Mülleimer	2168-aspect0	unknown	related
aspect	2168	97	104	Produkt	2168-aspect1	unknown	related
aspect	2168	105	120	keine Batterien	2168-aspect2	unknown	related
aspect	2168	111	120	Batterien	2168-aspect3	unknown	foreign
aspect	2168	160	166	Sensor	2168-aspect4	unknown	related
subjective	2168	0	10	In Ordnung	2168-subjective5	neutral	related
subjective	2168	25	70	hält optisch, was er auf den Fotos verspricht	2168-subjective6	positive	related
subjective	2168	72	78	Schade	2168-subjective7	negative	related
subjective	2168	177	191	sehr praktisch	2168-subjective8	positive	related
aspect	2169	7	12	Gerät	2169-aspect0	unknown	related
aspect	2169	17	32	Doppelmülleimer	2169-aspect1	unknown	related
aspect	2169	65	67	Er	2169-aspect2	unknown	related
aspect	2169	92	101	Vorgänger	2169-aspect3	unknown	foreign
subjective	2169	0	6	Tolles	2169-subjective4	positive	related
subjective	2169	72	80	stabiler	2169-subjective5	positive	related
subjective	2169	106	149	stellt sich so da, wie auf dem Bild gezeigt	2169-subjective6	positive	related
aspect	2170	42	51	Multi-Box	2170-aspect0	unknown	related
aspect	2170	155	158	Sie	2170-aspect1	unknown	related
aspect	2170	176	188	Mülltrennung	2170-aspect2	unknown	related
subjective	2170	0	23	Absolut empfehlenswert!	2170-subjective3	positive	related
subjective	2170	123	155	überhaupt kein einziges Problem!	2170-subjective4	positive	related
subjective	2170	163	171	sehr gut	2170-subjective5	positive	related
aspect	2171	131	148	anderenMülleimern	2171-aspect0	unknown	foreign
aspect	2171	237	245	Aussehen	2171-aspect1	unknown	related
aspect	2171	260	267	anderen	2171-aspect2	unknown	foreign
aspect	2171	338	349	diesen hier	2171-aspect3	unknown	related
aspect	2171	408	414	Design	2171-aspect4	unknown	related
aspect	2171	433	441	Material	2171-aspect5	unknown	related
aspect	2171	450	464	Funktionalität	2171-aspect6	unknown	related
aspect	2171	502	513	diesem Teil	2171-aspect7	unknown	related
subjective	2171	0	10	Sehr schön	2171-subjective8	positive	related
subjective	2171	377	381	froh	2171-subjective9	positive	related
subjective	2171	415	431	sehr ansprechend	2171-subjective10	positive	related
subjective	2171	442	448	stabil	2171-subjective11	positive	related
subjective	2171	465	475	bestensIch	2171-subjective12	positive	related
subjective	2171	480	497	absolut zufrieden	2171-subjective13	positive	related
aspect	2172	0	5	Hailo	2172-aspect0	unknown	related
aspect	2172	31	45	HAILO 2 x 15 L	2172-aspect1	unknown	foreign
aspect	2172	112	116	Neue	2172-aspect2	unknown	related
aspect	2172	148	154	Amazon	2172-aspect3	unknown	related
aspect	2172	155	164	geliefert	2172-aspect4	unknown	related
aspect	2172	181	187	Einbau	2172-aspect5	unknown	related
aspect	2172	267	279	funktioniert	2172-aspect6	unknown	related
subjective	2172	131	143	superschnell	2172-subjective7	positive	related
subjective	2172	166	179	1Tag !!!!!!!!	2172-subjective8	positive	related
subjective	2172	188	198	problemlos	2172-subjective9	positive	related
subjective	2172	246	262	10 Min eingebaut	2172-subjective10	positive	related
subjective	2172	280	290	problemlos	2172-subjective11	positive	related
subjective	2172	292	329	Sieht jetzt wieder toll aus !!!!!!!!!	2172-subjective12	positive	related
aspect	2173	39	46	Produkt	2173-aspect0	unknown	related
aspect	2173	99	125	Preis- Leistungsverhältnis	2173-aspect1	unknown	related
aspect	2173	235	242	anderen	2173-aspect2	unknown	foreign
subjective	2173	0	17	Macht was es soll	2173-subjective3	positive	related
subjective	2173	63	83	erfüllt seinen Zweck	2173-subjective4	positive	related
subjective	2173	93	98	super	2173-subjective5	positive	related
subjective	2173	210	281	nicht den Geruch wie die anderen (meist teueren) Windeleimer im Inneren	2173-subjective6	negative	related
aspect	2174	27	36	Mülleimer	2174-aspect0	unknown	related
aspect	2174	92	98	Sensor	2174-aspect1	unknown	related
aspect	2174	226	229	ihn	2174-aspect2	unknown	related
aspect	2174	307	314	Versand	2174-aspect3	unknown	related
aspect	2174	319	322	GLS	2174-aspect4	unknown	related
subjective	2174	0	13	Einfach toll!	2174-subjective5	positive	related
subjective	2174	74	86	einfach toll	2174-subjective6	positive	related
subjective	2174	99	153	reagiert auch wirklich nur wenn man etwas darüber hält	2174-subjective7	positive	related
subjective	2174	230	253	jederzeit wieder kaufen	2174-subjective8	positive	related
subjective	2174	279	298	einen Punkt abziehe	2174-subjective9	negative	related
subjective	2174	547	564	Zeitverschwendung	2174-subjective10	negative	related
aspect	2175	15	24	Mülleimer	2175-aspect0	unknown	related
aspect	2175	88	97	Lieferung	2175-aspect1	unknown	related
aspect	2175	146	152	Aufbau	2175-aspect2	unknown	related
subjective	2175	0	10	gute Sache	2175-subjective3	positive	related
subjective	2175	43	61	hygienische Lösung	2175-subjective4	positive	related
subjective	2175	118	125	schnell	2175-subjective5	positive	related
subjective	2175	130	133	gut	2175-subjective6	positive	related
subjective	2175	153	155	ok	2175-subjective7	positive	related
subjective	2175	157	174	Macht viel Freude	2175-subjective8	positive	related
aspect	2176	25	43	zweier Kombination	2176-aspect0	unknown	related
aspect	2176	66	72	Deckel	2176-aspect1	unknown	related
subjective	2176	0	10	guter Kauf	2176-subjective2	positive	related
subjective	2176	44	53	ganz toll	2176-subjective3	positive	related
subjective	2176	73	90	einzeln zu öffnen	2176-subjective4	positive	related
subjective	2176	96	112	einfach super!!!	2176-subjective5	positive	related
subjective	2176	116	128	Schmuckstück	2176-subjective6	positive	related
aspect	2177	31	44	Abfalltrenner	2177-aspect0	unknown	related
aspect	2177	72	84	Metallkorpus	2177-aspect1	unknown	related
aspect	2177	112	126	Kunststoffrand	2177-aspect2	unknown	related
aspect	2177	150	161	oberen Rand	2177-aspect3	unknown	related
aspect	2177	178	191	Innenbehälter	2177-aspect4	unknown	related
aspect	2177	243	254	Klappdeckel	2177-aspect5	unknown	related
aspect	2177	345	351	Deckel	2177-aspect6	unknown	related
aspect	2177	453	457	Obst	2177-aspect7	unknown	related
aspect	2177	514	520	Deckel	2177-aspect8	unknown	related
aspect	2177	539	548	Innenfalz	2177-aspect9	unknown	related
aspect	2177	557	568	oberen Rand	2177-aspect10	unknown	related
aspect	2177	695	700	Eimer	2177-aspect11	unknown	related
aspect	2177	760	765	Fisch	2177-aspect12	unknown	related
aspect	2177	771	780	Knoblauch	2177-aspect13	unknown	related
aspect	2177	808	817	Treteimer	2177-aspect14	unknown	related
aspect	2177	842	865	unterseitige Gummierung	2177-aspect15	unknown	foreign
aspect	2177	878	880	er	2177-aspect16	unknown	related
aspect	2177	310	326	Trittmechanismus	2177-aspect17	unknown	related
aspect	2177	958	973	Tretmechanismus	2177-aspect18	unknown	related
aspect	2177	1018	1023	Eimer	2177-aspect19	unknown	related
aspect	2177	1159	1164	Eimer	2177-aspect20	unknown	related
aspect	2177	1214	1224	Inneneimer	2177-aspect21	unknown	related
aspect	2177	1258	1269	Müllbeuteln	2177-aspect22	unknown	related
aspect	2177	1370	1394	3 x 11 Liter Füllvolumen	2177-aspect23	unknown	related
aspect	2177	1544	1554	Müllbeutel	2177-aspect24	unknown	related
aspect	2177	1706	1716	Inneneimer	2177-aspect25	unknown	related
aspect	2177	1740	1761	klappbare Metallbügel	2177-aspect26	unknown	related
subjective	2177	0	3	Gut	2177-subjective27	positive	related
subjective	2177	8	26	kleinen Abstrichen	2177-subjective28	negative	related
subjective	2177	63	71	stabilen	2177-subjective29	positive	related
subjective	2177	276	288	leichtgängig	2177-subjective30	positive	related
subjective	2177	366	391	nicht selbstständig offen	2177-subjective31	negative	related
subjective	2177	420	427	störend	2177-subjective32	negative	related
subjective	2177	608	621	nicht gelingt	2177-subjective33	negative	related
subjective	2177	701	716	nicht Luftdicht	2177-subjective34	negative	related
subjective	2177	870	877	rutscht	2177-subjective35	negative	related
subjective	2177	1225	1241	passen haargenau	2177-subjective36	negative	related
subjective	2177	1276	1285	friemelig	2177-subjective37	negative	related
subjective	2177	1352	1364	Aber es geht	2177-subjective38	neutral	related
subjective	2177	1450	1461	ausreichend	2177-subjective39	positive	related
subjective	2177	1776	1804	einfach zur jeweiligen Tonne	2177-subjective40	positive	related
subjective	2177	1836	1852	kleineren Mankos	2177-subjective41	negative	related
subjective	2177	1891	1899	4 Sterne	2177-subjective42	positive	related
aspect	2178	13	34	ZINC Mülltonne "Oskar	2178-aspect0	unknown	related
aspect	2178	47	52	Oskar	2178-aspect1	unknown	related
aspect	2178	101	111	gelbe Sack	2178-aspect2	unknown	related
aspect	2178	129	131	er	2178-aspect3	unknown	related
aspect	2178	195	206	gelben Sack	2178-aspect4	unknown	related
subjective	2178	0	11	Echt schick	2178-subjective5	positive	related
subjective	2178	137	152	schön anzusehen	2178-subjective6	positive	related
subjective	2178	174	189	schönste Lösung	2178-subjective7	positive	related
aspect	2179	18	27	Mülleimer	2179-aspect0	unknown	related
aspect	2179	85	97	Installation	2179-aspect1	unknown	related
aspect	2179	152	157	Preis	2179-aspect2	unknown	related
subjective	2179	0	13	Passt perfekt	2179-subjective3	positive	related
subjective	2179	48	60	hervorragend	2179-subjective4	positive	related
subjective	2179	69	84	super einfachen	2179-subjective5	positive	related
subjective	2179	165	179	super Features	2179-subjective6	positive	related
aspect	2180	21	26	tonne	2180-aspect0	unknown	related
aspect	2180	129	134	preis	2180-aspect1	unknown	related
subjective	2180	0	14	sehr zufrieden	2180-subjective2	positive	related
subjective	2180	15	20	tolle	2180-subjective3	positive	related
subjective	2180	28	43	passt viel rein	2180-subjective4	positive	related
subjective	2180	48	61	sehr handlich	2180-subjective5	positive	related
subjective	2180	68	82	sehr zufrieden	2180-subjective6	positive	related
subjective	2180	93	116	jederzeit wieder kaufen	2180-subjective7	positive	related
subjective	2180	140	143	top	2180-subjective8	positive	related
aspect	2181	119	124	Eimer	2181-aspect0	unknown	related
aspect	2181	180	182	er	2181-aspect1	unknown	related
aspect	2181	209	222	Kundenservice	2181-aspect2	unknown	related
aspect	2181	279	290	neuen Eimer	2181-aspect3	unknown	related
aspect	2181	395	400	Preis	2181-aspect4	unknown	related
aspect	2181	469	500	automatisch-öffnenden Produkten	2181-aspect5	unknown	foreign
aspect	2181	600	609	Mülleimer	2181-aspect6	unknown	related
aspect	2181	703	710	Versand	2181-aspect7	unknown	related
aspect	2181	715	729	Inbetriebnahme	2181-aspect8	unknown	related
aspect	2181	734	741	Versand	2181-aspect9	unknown	related
aspect	2181	760	765	Eimer	2181-aspect10	unknown	related
aspect	2181	792	801	Batterien	2181-aspect11	unknown	related
aspect	2181	811	813	er	2181-aspect12	unknown	related
aspect	2181	922	928	Deckel	2181-aspect13	unknown	related
aspect	2181	953	959	Sensor	2181-aspect14	unknown	related
aspect	2181	1006	1012	Sensor	2181-aspect15	unknown	related
aspect	2181	1017	1030	Sensorbereich	2181-aspect16	unknown	related
aspect	2181	1111	1116	Eimer	2181-aspect17	unknown	related
aspect	2181	1132	1138	Deckel	2181-aspect18	unknown	related
aspect	2181	1236	1246	5 Sekunden	2181-aspect19	unknown	related
aspect	2181	1284	1290	Decken	2181-aspect20	unknown	related
aspect	2181	1417	1431	Infrarotsensor	2181-aspect21	unknown	related
aspect	2181	1539	1545	Deckel	2181-aspect22	unknown	related
aspect	2181	1701	1713	Sensordeckel	2181-aspect23	unknown	related
aspect	2181	1726	1732	Deckel	2181-aspect24	unknown	related
aspect	2181	1855	1867	Mail-Support	2181-aspect25	unknown	related
aspect	2181	1872	1879	TecTake	2181-aspect26	unknown	related
aspect	2181	2226	2233	TecTake	2181-aspect27	unknown	related
aspect	2181	2094	2100	Deckel	2181-aspect28	unknown	related
aspect	2181	2585	2591	Saturn	2181-aspect29	unknown	foreign
aspect	2181	2597	2608	Media-Markt	2181-aspect30	unknown	foreign
aspect	2181	3666	3673	TecTake	2181-aspect31	unknown	related
subjective	2181	0	12	Erst Perfekt	2181-subjective32	positive	related
subjective	2181	14	30	dann unbrauchbar	2181-subjective33	negative	related
subjective	2181	40	51	Fehlanzeige	2181-subjective34	negative	related
subjective	2181	160	174	sehr zufrieden	2181-subjective35	positive	related
subjective	2181	192	198	kaputt	2181-subjective36	negative	related
subjective	2181	227	250	alles andere als kulant	2181-subjective37	negative	related
subjective	2181	291	312	teilweise zu bezahlen	2181-subjective38	negative	related
subjective	2181	319	325	Unding	2181-subjective39	negative	related
subjective	2181	439	451	relativ hoch	2181-subjective40	negative	related
subjective	2181	519	531	sehr günstig	2181-subjective41	positive	related
subjective	2181	747	754	schnell	2181-subjective42	positive	related
subjective	2181	770	782	gut verpackt	2181-subjective43	positive	related
subjective	2181	814	837	funktionierte wunderbar	2181-subjective44	positive	related
subjective	2181	929	947	nicht mehr zu geht	2181-subjective45	negative	related
subjective	2181	1041	1057	richtig bemessen	2181-subjective46	positive	related
subjective	2181	1252	1265	genau richtig	2181-subjective47	positive	related
subjective	2181	1626	1638	geräuschhaft	2181-subjective48	negative	related
subjective	2181	1647	1670	in keiner Weise schlimm	2181-subjective49	positive	related
subjective	2181	1671	1677	Defekt	2181-subjective50	negative	related
subjective	2181	1714	1720	defekt	2181-subjective51	negative	related
subjective	2181	2101	2133	schließt sich einfach nicht mehr	2181-subjective52	negative	related
subjective	2181	2185	2190	Groll	2181-subjective53	negative	related
subjective	2181	2666	2688	2 Jahre Gewährleistung	2181-subjective54	negative	related
subjective	2181	3168	3173	frech	2181-subjective55	negative	related
subjective	2181	3642	3661	keine Produkte mehr	2181-subjective56	negative	related
aspect	2181	32	38	Kulanz	2181-aspect57	unknown	related
aspect	2182	15	24	Mülleimer	2182-aspect0	unknown	related
subjective	2182	7	14	zu groß	2182-subjective1	negative	related
subjective	2182	25	46	sieht echt klasse aus	2182-subjective2	positive	related
subjective	2182	84	91	kolloss	2182-subjective3	negative	related
subjective	2182	110	116	zu gro	2182-subjective4	negative	related
aspect	2183	31	42	Abfalleimer	2183-aspect0	unknown	related
aspect	2183	91	102	Abfalleimer	2183-aspect1	unknown	related
aspect	2183	117	122	sieht	2183-aspect2	unknown	related
aspect	2183	181	193	Verarbeitung	2183-aspect3	unknown	related
aspect	2183	208	213	Wesco	2183-aspect4	unknown	related
aspect	2183	304	313	Lieferung	2183-aspect5	unknown	related
subjective	2183	16	30	gutaussehender	2183-subjective6	positive	related
subjective	2183	84	90	Wunsch	2183-subjective7	positive	related
subjective	2183	123	131	supergut	2183-subjective8	positive	related
subjective	2183	223	229	super!	2183-subjective9	positive	related
subjective	2183	314	326	superschnell	2183-subjective10	positive	related
aspect	2184	18	37	Mülltrennungssystem	2184-aspect0	unknown	related
aspect	2184	529	537	Quatität	2184-aspect1	unknown	related
aspect	2184	558	569	Laufschiene	2184-aspect2	unknown	related
aspect	2184	620	640	weißen Plastikdeckel	2184-aspect3	unknown	related
subjective	2184	0	10	Raumwunder	2184-subjective4	positive	related
subjective	2184	84	98	30 cm geeignet	2184-subjective5	positive	related
subjective	2184	542	552	ordentlich	2184-subjective6	positive	related
subjective	2184	576	586	problemlos	2184-subjective7	positive	related
subjective	2184	641	652	sehr billig	2184-subjective8	negative	related
aspect	2185	6	15	Mülleimer	2185-aspect0	unknown	related
aspect	2185	20	29	Mülleimer	2185-aspect1	unknown	related
aspect	2185	85	92	Volumen	2185-aspect2	unknown	related
aspect	2185	116	121	damit	2185-aspect3	unknown	related
aspect	2185	132	135	ihn	2185-aspect4	unknown	related
subjective	2185	0	5	super	2185-subjective5	positive	related
subjective	2185	30	41	passt super	2185-subjective6	positive	related
subjective	2185	78	84	großes	2185-subjective7	positive	related
subjective	2185	101	115	sehr zufrieden	2185-subjective8	positive	related
subjective	2185	141	154	wieder kaufen	2185-subjective9	positive	related
aspect	2186	13	22	Mülleimer	2186-aspect0	unknown	related
aspect	2186	91	100	Mülleimer	2186-aspect1	unknown	related
aspect	2186	105	111	Sensor	2186-aspect2	unknown	related
aspect	2186	131	137	dieser	2186-aspect3	unknown	related
aspect	2186	163	172	Lieferung	2186-aspect4	unknown	related
aspect	2186	200	209	Mülleimer	2186-aspect5	unknown	related
subjective	2186	0	5	Super	2186-subjective6	positive	related
subjective	2186	27	39	einfach toll	2186-subjective7	positive	related
subjective	2186	147	162	total überzeugt	2186-subjective8	positive	related
subjective	2186	173	180	schnell	2186-subjective9	positive	related
subjective	2186	185	198	ohne Probleme	2186-subjective10	positive	related
subjective	2186	210	221	einwandfrei	2186-subjective11	positive	related
subjective	2186	226	244	funktioniert super	2186-subjective12	positive	related
subjective	2186	245	258	Alles Paletti	2186-subjective13	positive	related
aspect	2187	8	20	Mülltrennung	2187-aspect0	unknown	related
aspect	2187	29	57	Hailo Öko Tret-Abfalltrenner	2187-aspect1	unknown	related
aspect	2187	144	150	System	2187-aspect2	unknown	related
aspect	2187	192	202	Kunststoff	2187-aspect3	unknown	related
aspect	2187	234	246	Metallrahmen	2187-aspect4	unknown	related
aspect	2187	260	275	Tretmechanismus	2187-aspect5	unknown	related
aspect	2187	311	316	Eimer	2187-aspect6	unknown	related
aspect	2187	364	373	Transport	2187-aspect7	unknown	related
aspect	2187	460	488	Klappmechanismus des Deckels	2187-aspect8	unknown	related
aspect	2187	505	524	Mulde zum Transport	2187-aspect9	unknown	related
aspect	2187	601	607	Tragen	2187-aspect10	unknown	related
aspect	2187	640	645	Eimer	2187-aspect11	unknown	related
aspect	2187	715	721	Leeren	2187-aspect12	unknown	related
aspect	2187	765	781	einzelnes System	2187-aspect13	unknown	related
aspect	2187	849	868	zusätzliches System	2187-aspect14	unknown	related
aspect	2187	909	915	Eimern	2187-aspect15	unknown	related
aspect	2187	927	949	Größe von üblichen 16L	2187-aspect16	unknown	foreign
subjective	2187	0	7	Stabile	2187-subjective17	positive	related
subjective	2187	69	78	gute Idee	2187-subjective18	positive	related
subjective	2187	113	127	zu wenig Platz	2187-subjective19	negative	related
subjective	2187	171	184	höherwertigem	2187-subjective20	positive	related
subjective	2187	185	191	festen	2187-subjective21	positive	related
subjective	2187	217	223	stabil	2187-subjective22	positive	related
subjective	2187	287	302	leicht bedienen	2187-subjective23	positive	related
subjective	2187	338	354	gut zu erreichen	2187-subjective24	positive	related
subjective	2187	535	551	nicht tief genug	2187-subjective25	negative	related
subjective	2187	583	595	scharfkantig	2187-subjective26	negative	related
subjective	2187	620	630	unangenehm	2187-subjective27	negative	related
subjective	2187	671	687	geringeren Größe	2187-subjective28	negative	related
subjective	2187	728	745	öfters als normal	2187-subjective29	negative	related
subjective	2187	813	843	nicht unbedingt empfehlenswert	2187-subjective30	negative	related
subjective	2187	889	903	gebrauchsfähig	2187-subjective31	positive	related
subjective	2187	1025	1038	gute 4 Sterne	2187-subjective32	positive	related
aspect	2188	26	31	Eimer	2188-aspect0	unknown	related
aspect	2188	160	166	Deckel	2188-aspect1	unknown	related
aspect	2188	483	489	Deckel	2188-aspect2	unknown	related
subjective	2188	0	16	Bisher zufrieden	2188-subjective3	positive	related
subjective	2188	80	98	vollends zufrieden	2188-subjective4	positive	related
subjective	2188	142	150	sehr gut	2188-subjective5	positive	related
aspect	2188	172	195	automatische "Sicherung	2188-aspect6	unknown	related
subjective	2188	530	543	bleibt stehen	2188-subjective7	positive	related
subjective	2188	593	600	Top! :)	2188-subjective8	positive	related
aspect	2189	23	27	Form	2189-aspect0	unknown	related
aspect	2189	59	64	Bügel	2189-aspect1	unknown	related
aspect	2189	79	88	Mülleimer	2189-aspect2	unknown	related
aspect	2189	177	186	Gummiband	2189-aspect3	unknown	related
aspect	2189	207	218	Müllbeutels	2189-aspect4	unknown	related
aspect	2189	272	280	Mülltüte	2189-aspect5	unknown	related
aspect	2189	251	260	rausholen	2189-aspect6	unknown	related
aspect	2189	324	330	Beutel	2189-aspect7	unknown	related
aspect	2189	346	355	Gummiband	2189-aspect8	unknown	related
aspect	2189	426	431	Hailo	2189-aspect9	unknown	related
subjective	2189	0	14	Gut durchdacht	2189-subjective10	positive	related
subjective	2189	15	22	Schicke	2189-subjective11	positive	related
subjective	2189	89	102	zackig öffnen	2189-subjective12	positive	related
subjective	2189	104	118	Sehr standfest	2189-subjective13	positive	related
subjective	2189	120	136	kein verrutschen	2189-subjective14	positive	related
subjective	2189	138	154	großer Pluspunkt	2189-subjective15	positive	related
subjective	2189	220	240	Keine schlechte Idee	2189-subjective16	positive	related
subjective	2189	297	304	kämpfen	2189-subjective17	negative	related
subjective	2189	416	440	gewohnter Hailo Qualität	2189-subjective18	positive	related
aspect	2190	9	14	Hailo	2190-aspect0	unknown	related
aspect	2190	41	47	System	2190-aspect1	unknown	related
aspect	2190	79	81	es	2190-aspect2	unknown	related
aspect	2190	274	294	Herstellerverpackung	2190-aspect3	unknown	related
aspect	2190	510	516	System	2190-aspect4	unknown	related
aspect	2190	530	547	Plastikkleinteile	2190-aspect5	unknown	related
aspect	2190	730	739	Anleitung	2190-aspect6	unknown	foreign
aspect	2190	768	774	Rahmen	2190-aspect7	unknown	related
aspect	2190	787	794	Schiene	2190-aspect8	unknown	related
aspect	2190	853	859	Rahmen	2190-aspect9	unknown	related
aspect	2190	866	875	Schrauben	2190-aspect10	unknown	related
aspect	2190	951	965	weissen Deckel	2190-aspect11	unknown	related
aspect	2190	1024	1026	er	2190-aspect12	unknown	related
subjective	2190	113	122	Preiswert	2190-subjective13	positive	related
subjective	2190	88	104	gute Bewertungen	2190-subjective14	positive	related
subjective	2190	418	434	kein Schaumstoff	2190-subjective15	negative	related
subjective	2190	606	645	nichts, was die Funktion beeinträchtigt	2190-subjective16	positive	related
subjective	2190	744	749	keine	2190-subjective17	negative	related
subjective	2190	819	847	einwandfrei zu funktionieren	2190-subjective18	positive	related
subjective	2190	996	1014	nicht mehr zu 100%	2190-subjective19	negative	related
subjective	2190	1027	1044	sass etwas schief	2190-subjective20	negative	related
subjective	2190	1167	1176	zufrieden	2190-subjective21	positive	related
subjective	2190	1182	1207	bekam das, was ich wollte	2190-subjective22	positive	related
subjective	2190	1219	1234	nicht im Ganzen	2190-subjective23	negative	related
subjective	2190	1235	1237	:)	2190-subjective24	positive	related
aspect	2191	6	15	mülleimer	2191-aspect0	unknown	related
aspect	2191	28	37	Mülleimer	2191-aspect1	unknown	related
aspect	2191	67	70	der	2191-aspect2	unknown	related
aspect	2191	118	124	klappe	2191-aspect3	unknown	related
aspect	2191	148	160	Verarbeitung	2191-aspect4	unknown	related
aspect	2191	181	186	farbe	2191-aspect5	unknown	related
aspect	2191	228	230	es	2191-aspect6	unknown	related
aspect	2191	286	298	ganzen eimer	2191-aspect7	unknown	related
aspect	2191	320	324	sack	2191-aspect8	unknown	related
subjective	2191	0	5	guter	2191-subjective9	positive	related
subjective	2191	71	84	sieht gut aus	2191-subjective10	positive	related
subjective	2191	92	112	passt auch viel rein	2191-subjective11	positive	related
subjective	2191	125	147	hält den geruch gut ab	2191-subjective12	positive	related
subjective	2191	165	171	solide	2191-subjective13	positive	related
subjective	2191	191	205	etwas dunkeler	2191-subjective14	negative	related
subjective	2191	235	245	vertrebahr	2191-subjective15	positive	related
subjective	2191	257	267	unangenehm	2191-subjective16	negative	related
aspect	2192	23	32	Mülleimer	2192-aspect0	unknown	related
aspect	2192	44	46	Er	2192-aspect1	unknown	related
aspect	2192	178	183	Gerät	2192-aspect2	unknown	related
aspect	2192	201	210	Mülleimer	2192-aspect3	unknown	related
aspect	2192	223	238	weißen Gestänge	2192-aspect4	unknown	related
aspect	2192	323	332	Mülleimer	2192-aspect5	unknown	related
subjective	2192	0	18	Einfach praktisch!	2192-subjective6	positive	related
subjective	2192	37	42	super	2192-subjective7	positive	related
subjective	2192	47	52	passt	2192-subjective8	positive	related
subjective	2192	184	196	sehr dankbar	2192-subjective9	positive	related
subjective	2192	368	388	vollkommen zufrieden	2192-subjective10	positive	related
aspect	2193	6	31	Preis-Leistungsverhältnis	2193-aspect0	unknown	related
aspect	2193	75	84	Mülleimer	2193-aspect1	unknown	related
aspect	2193	95	104	Halterung	2193-aspect2	unknown	related
aspect	2193	216	225	Schrauben	2193-aspect3	unknown	related
aspect	2193	244	253	Mülleimer	2193-aspect4	unknown	related
subjective	2193	0	5	gutes	2193-subjective5	positive	related
subjective	2193	189	211	Gefahr des Rausreißens	2193-subjective6	negative	related
subjective	2193	254	271	nicht "überfüllen	2193-subjective7	negative	related
aspect	2194	0	6	Deckel	2194-aspect0	unknown	related
aspect	2194	77	83	Leeren	2194-aspect1	unknown	related
aspect	2194	124	130	Deckel	2194-aspect2	unknown	related
aspect	2194	189	198	Mülleimer	2194-aspect3	unknown	related
aspect	2194	203	209	Deckel	2194-aspect4	unknown	related
aspect	2194	237	249	linken Eimer	2194-aspect5	unknown	related
aspect	2194	327	336	Mülleimer	2194-aspect6	unknown	related
subjective	2194	7	14	klemmen	2194-subjective7	negative	related
subjective	2194	90	94	dumm	2194-subjective8	negative	related
subjective	2194	115	139	gesamten Deckel abnehmen	2194-subjective9	negative	related
subjective	2194	170	177	klemmen	2194-subjective10	negative	related
subjective	2194	302	314	ordentlicher	2194-subjective11	positive	related
subjective	2194	316	326	geräumiger	2194-subjective12	unknown	related
aspect	2195	7	16	Mülleimer	2195-aspect0	unknown	related
aspect	2195	39	48	Mülleimer	2195-aspect1	unknown	related
aspect	2195	74	91	2 getrennte Eimer	2195-aspect2	unknown	related
aspect	2195	117	130	11 l Einsätze	2195-aspect3	unknown	foreign
aspect	2195	165	174	Mülleimer	2195-aspect4	unknown	related
aspect	2195	241	244	ihn	2195-aspect5	unknown	related
subjective	2195	0	6	Toller	2195-subjective6	positive	related
subjective	2195	54	69	schick aussieht	2195-subjective7	positive	related
subjective	2195	175	194	sieht super gut aus	2195-subjective8	positive	related
subjective	2195	203	209	größer	2195-subjective9	unknown	related
subjective	2195	249	264	weiterempfehlen	2195-subjective10	positive	related
aspect	2196	24	38	Abfallbehälter	2196-aspect0	unknown	related
aspect	2196	208	215	Artikel	2196-aspect1	unknown	related
aspect	2196	268	279	Plastikteil	2196-aspect2	unknown	related
aspect	2196	329	343	Abfallbehälter	2196-aspect3	unknown	related
aspect	2196	465	478	Markenprodukt	2196-aspect4	unknown	foreign
subjective	2196	0	8	Schlecht	2196-subjective5	negative	related
subjective	2196	184	240	gewundert hat, dass der Artikel überhaupt angekommen ist	2196-subjective6	negative	related
subjective	2196	298	309	abgebrochen	2196-subjective7	negative	related
subjective	2196	353	359	windig	2196-subjective8	positive	related
aspect	2197	24	36	Abfalleimern	2197-aspect0	unknown	related
aspect	2197	38	89	Wesco 175 831-03 Pushboy Abfallsammler NeusilberDer	2197-aspect1	unknown	related
aspect	2197	90	103	Wesco Pushboy	2197-aspect2	unknown	related
aspect	2197	176	187	verarbeitet	2197-aspect3	unknown	related
aspect	2197	240	252	Verarbeitung	2197-aspect4	unknown	related
aspect	2197	286	291	Preiß	2197-aspect5	unknown	related
aspect	2197	269	277	Garantie	2197-aspect6	unknown	related
aspect	2197	303	319	Fassungsvermögen	2197-aspect7	unknown	related
aspect	2197	466	468	Er	2197-aspect8	unknown	related
subjective	2197	4	13	Schönling	2197-subjective9	positive	related
subjective	2197	112	131	absoluter Hingucker	2197-subjective10	positive	related
subjective	2197	154	160	kultig	2197-subjective11	positive	related
subjective	2197	169	175	solide	2197-subjective12	positive	related
subjective	2197	203	214	unkaputtbar	2197-subjective13	positive	related
subjective	2197	234	239	guten	2197-subjective14	positive	related
subjective	2197	261	268	5 Jahre	2197-subjective15	positive	related
subjective	2197	292	294	ok	2197-subjective16	neutral	related
subjective	2197	296	302	Großes	2197-subjective17	positive	related
subjective	2197	340	347	Vorteil	2197-subjective18	positive	related
subjective	2197	455	464	Schönling	2197-subjective19	positive	related
subjective	2197	469	497	tut das wozu er gebaut wurde	2197-subjective20	positive	related
subjective	2197	530	543	schöner Hülle	2197-subjective21	positive	related
subjective	2197	544	547	:-)	2197-subjective22	positive	related
subjective	2197	571	585	Kaufempfehlung	2197-subjective23	positive	related
subjective	2197	590	599	5 Sterne!	2197-subjective24	positive	related
aspect	2198	19	24	Muell	2198-aspect0	unknown	related
aspect	2198	96	100	Teil	2198-aspect1	unknown	related
subjective	2198	0	4	Toll	2198-subjective2	positive	related
subjective	2198	25	30	Spass	2198-subjective3	positive	related
subjective	2198	32	60	Macht seinem Namen alle Ehre	2198-subjective4	positive	related
subjective	2198	81	95	wunderschoenes	2198-subjective5	positive	related
subjective	2198	105	117	sehr passend	2198-subjective6	positive	related
aspect	2199	22	31	Mülleimer	2199-aspect0	unknown	related
aspect	2199	322	330	Fußtaste	2199-aspect1	unknown	foreign
aspect	2199	349	358	Mülleimer	2199-aspect2	unknown	related
aspect	2199	425	444	Auslieferungszustad	2199-aspect3	unknown	related
aspect	2199	535	541	Klappe	2199-aspect4	unknown	related
aspect	2199	630	644	kleinen Löcher	2199-aspect5	unknown	related
aspect	2199	653	659	Deckel	2199-aspect6	unknown	related
aspect	2199	669	677	Sensoren	2199-aspect7	unknown	related
aspect	2199	815	819	DING	2199-aspect8	unknown	related
aspect	2199	953	963	Mülleimers	2199-aspect9	unknown	related
aspect	2199	1010	1019	Mülleimer	2199-aspect10	unknown	related
aspect	2199	1110	1113	Ihn	2199-aspect11	unknown	related
subjective	2199	12	21	perfekter	2199-subjective12	positive	related
subjective	2199	309	321	unpraktische	2199-subjective13	negative	related
subjective	2199	359	376	versteht Dich ;-)	2199-subjective14	positive	related
subjective	2199	399	420	Optimierungspotential	2199-subjective15	negative	related
aspect	2199	453	462	Mülleimer	2199-aspect16	unknown	related
subjective	2199	467	477	gesprächig	2199-subjective17	negative	related
subjective	2199	556	561	nervt	2199-subjective18	negative	related
subjective	2199	820	848	MACHT GENAU DAS WAS MAN WILL	2199-subjective19	positive	related
subjective	2199	1028	1034	genial	2199-subjective20	positive	related
subjective	2199	1114	1131	nie mehr hergeben	2199-subjective21	positive	related
aspect	4150	42	51	Mülltonne	4150-aspect0	unknown	related
aspect	4150	73	83	Badezimmer	4150-aspect1	unknown	related
aspect	4150	111	121	Farbe Pink	4150-aspect2	unknown	related
aspect	4150	166	173	Versand	4150-aspect3	unknown	related
aspect	4150	179	183	Ware	4150-aspect4	unknown	related
subjective	4150	0	8	Niedlich	4150-subjective5	positive	related
subjective	4150	9	11	:)	4150-subjective6	positive	related
subjective	4150	84	90	reicht	4150-subjective7	positive	related
subjective	4150	122	152	sticht auf jeden fall ins Auge	4150-subjective8	positive	related
subjective	4150	156	165	schneller	4150-subjective9	positive	related
subjective	4150	175	178	TOP	4150-subjective10	positive	related
aspect	4151	8	22	Müllentsorgung	4151-aspect0	unknown	related
aspect	4151	31	45	Müllentsorgung	4151-aspect1	unknown	related
aspect	4151	90	96	Deckel	4151-aspect2	unknown	related
aspect	4151	192	198	Deckel	4151-aspect3	unknown	related
aspect	4151	276	288	innere Eimer	4151-aspect4	unknown	related
aspect	4151	333	356	Primitive Plastik-Eimer	4151-aspect5	unknown	foreign
aspect	4151	438	443	Gerät	4151-aspect6	unknown	related
aspect	4151	461	463	er	4151-aspect7	unknown	related
subjective	4151	0	7	Geniale	4151-subjective8	positive	related
subjective	4151	23	30	Geniale	4151-subjective9	positive	related
subjective	4151	97	114	nicht dauernd auf	4151-subjective10	positive	related
subjective	4151	223	230	perfekt	4151-subjective11	positive	related
subjective	4151	233	256	keine Geruchbelästigung	4151-subjective12	positive	related
subjective	4151	262	267	Ideal	4151-subjective13	positive	related
subjective	4151	314	332	separat auswaschen	4151-subjective14	positive	related
subjective	4151	379	417	kosten im Baumarkt mehr als die Hälfte	4151-subjective15	positive	related
subjective	4151	429	437	genialen	4151-subjective16	positive	related
subjective	4151	454	476	schaut er super aus!!!	4151-subjective17	positive	related
aspect	4152	0	13	Abfallsammler	4152-aspect0	unknown	related
aspect	4152	51	60	Mülleimer	4152-aspect1	unknown	related
aspect	4152	66	75	Lieferung	4152-aspect2	unknown	related
aspect	4152	112	118	Amazon	4152-aspect3	unknown	related
aspect	4152	152	160	einbauen	4152-aspect4	unknown	related
aspect	4152	244	251	Produkt	4152-aspect5	unknown	related
subjective	4152	84	96	sehr schnell	4152-subjective6	positive	related
subjective	4152	142	151	ohne Mühe	4152-subjective7	positive	related
subjective	4152	221	235	sehr zufrieden	4152-subjective8	positive	related
aspect	4153	168	174	diesen	4153-aspect0	unknown	related
aspect	4153	206	217	verarbeitet	4153-aspect1	unknown	related
aspect	4153	224	241	beweglichen Teile	4153-aspect2	unknown	related
aspect	4153	375	381	öffnen	4153-aspect3	unknown	related
aspect	4153	407	423	Federmechanismus	4153-aspect4	unknown	related
aspect	4153	386	394	schließt	4153-aspect5	unknown	related
subjective	4153	0	25	Nur der Inhalt ist Abfall	4153-subjective6	positive	related
subjective	4153	148	153	freue	4153-subjective7	positive	related
subjective	4153	198	205	haltbar	4153-subjective8	positive	related
subjective	4153	299	305	Metall	4153-subjective9	positive	related
subjective	4153	365	374	wunderbar	4153-subjective10	positive	related
subjective	4153	424	431	schnell	4153-subjective11	positive	related
subjective	4153	436	441	leise	4153-subjective12	positive	related
aspect	4154	11	22	Abfalleimer	4154-aspect0	unknown	related
aspect	4154	27	33	Klappe	4154-aspect1	unknown	related
aspect	4154	80	95	alter Mülleimer	4154-aspect2	unknown	foreign
aspect	4154	209	218	Mülleimer	4154-aspect3	unknown	related
aspect	4154	211	218	lleimer	4154-aspect4	unknown	related
aspect	4154	244	250	Klappe	4154-aspect5	unknown	related
aspect	4154	274	280	öffnen	4154-aspect6	unknown	related
subjective	4154	0	10	Sehr guter	4154-subjective7	positive	related
subjective	4154	38	49	sehr leicht	4154-subjective8	positive	related
subjective	4154	115	133	zu schweren Klappe	4154-subjective9	positive	related
subjective	4154	224	234	gut gelöst	4154-subjective10	positive	related
subjective	4154	236	243	leichte	4154-subjective11	positive	related
subjective	4154	252	269	wenigKraftaufwand	4154-subjective12	positive	related
subjective	4154	287	296	zufrieden	4154-subjective13	positive	related
aspect	4155	62	71	Mülleimer	4155-aspect0	unknown	related
aspect	4155	111	119	verpackt	4155-aspect1	unknown	related
aspect	4155	143	152	geliefert	4155-aspect2	unknown	related
aspect	4155	161	165	Neue	4155-aspect3	unknown	foreign
subjective	4155	13	21	verbeult	4155-subjective4	negative	related
subjective	4155	89	110	einwandfreien Kartons	4155-subjective5	positive	related
subjective	4155	134	142	verbeult	4155-subjective6	negative	related
subjective	4155	178	210	nicht wie versprochen zugesendet	4155-subjective7	negative	related
aspect	4156	6	19	Markenprodukt	4156-aspect0	unknown	related
aspect	4156	24	29	Hailo	4156-aspect1	unknown	related
aspect	4156	35	40	Hailo	4156-aspect2	unknown	related
aspect	4156	72	88	runden Treteimer	4156-aspect3	unknown	foreign
aspect	4156	158	218	Hailo 0633-219 Trento Öko trio 33 Tret-Abfalltrenner, silber	4156-aspect4	unknown	related
aspect	4156	294	301	Gehäuse	4156-aspect5	unknown	related
aspect	4156	372	378	Inhalt	4156-aspect6	unknown	related
aspect	4156	393	397	Höhe	4156-aspect7	unknown	related
aspect	4156	439	449	Inneneimer	4156-aspect8	unknown	related
aspect	4156	474	478	grün	4156-aspect9	unknown	related
aspect	4156	480	485	braun	4156-aspect10	unknown	related
aspect	4156	487	491	gelb	4156-aspect11	unknown	related
aspect	4156	538	546	Fußpedal	4156-aspect12	unknown	related
aspect	4156	557	573	Rechteck-Gehäuse	4156-aspect13	unknown	related
aspect	4156	643	649	Deckel	4156-aspect14	unknown	related
aspect	4156	667	677	Kunststoff	4156-aspect15	unknown	related
aspect	4156	696	705	Reinigung	4156-aspect16	unknown	related
aspect	4156	721	733	Tretmechanik	4156-aspect17	unknown	related
aspect	4156	811	821	Inneneimer	4156-aspect18	unknown	related
aspect	4156	996	1005	Treteimer	4156-aspect19	unknown	related
aspect	4156	1131	1137	Design	4156-aspect20	unknown	related
aspect	4156	1160	1174	silberne Farbe	4156-aspect21	unknown	related
aspect	4156	1225	1231	Deckel	4156-aspect22	unknown	related
aspect	4156	1407	1413	Deckel	4156-aspect23	unknown	related
aspect	4156	1456	1472	Hailo Treteimern	4156-aspect24	unknown	foreign
aspect	4156	1568	1578	Stabilität	4156-aspect25	unknown	related
aspect	4156	1602	1607	Hailo	4156-aspect26	unknown	related
subjective	4156	0	5	Gutes	4156-subjective27	positive	related
subjective	4156	102	116	sehr zufrieden	4156-subjective28	positive	related
subjective	4156	306	345	korrosionsfest beschichtetem Stahlblech	4156-subjective29	positive	related
subjective	4156	353	359	robust	4156-subjective30	positive	related
subjective	4156	364	370	stabil	4156-subjective31	positive	related
subjective	4156	506	516	Tragegriff	4156-subjective32	positive	related
subjective	4156	518	529	Ergonomisch	4156-subjective33	positive	related
subjective	4156	578	617	korrosionsfest beschichtetem Stahlblech	4156-subjective34	positive	related
subjective	4156	619	630	Formschöner	4156-subjective35	positive	related
subjective	4156	635	642	flacher	4156-subjective36	positive	related
subjective	4156	654	666	hochwertigem	4156-subjective37	positive	related
subjective	4156	688	695	leichte	4156-subjective38	positive	related
subjective	4156	707	720	Innenliegende	4156-subjective39	positive	related
subjective	4156	744	757	nicht störend	4156-subjective40	positive	related
subjective	4156	762	781	nicht verschmutzend	4156-subjective41	positive	related
subjective	4156	975	979	47cm	4156-subjective42	negative	related
subjective	4156	1142	1149	zeitlos	4156-subjective43	positive	related
subjective	4156	1175	1180	passt	4156-subjective44	positive	related
subjective	4156	1236	1243	Plastik	4156-subjective45	negative	related
aspect	4156	1300	1308	Gehäuses	4156-aspect46	unknown	related
subjective	4156	1285	1295	Stabilität	4156-subjective47	positive	related
subjective	4156	1327	1331	dünn	4156-subjective48	negative	related
subjective	4156	1414	1438	nicht geruchlos schließt	4156-subjective49	negative	related
subjective	4156	1560	1567	robuste	4156-subjective50	positive	related
subjective	4156	1628	1656	gute deutsche Markenqualität	4156-subjective51	positive	related
subjective	4156	1778	1792	empfehlenswert	4156-subjective52	positive	related
aspect	4157	24	29	Stück	4157-aspect0	unknown	related
aspect	4157	37	46	geliefert	4157-aspect1	unknown	related
aspect	4157	83	96	Farbe schwarz	4157-aspect2	unknown	related
aspect	4157	101	107	Silber	4157-aspect3	unknown	foreign
subjective	4157	11	23	sehr schönes	4157-subjective4	positive	related
subjective	4157	0	6	Prima!	4157-subjective5	positive	related
subjective	4157	31	36	Flott	4157-subjective6	positive	related
subjective	4157	64	75	hochpreisig	4157-subjective7	negative	related
subjective	4157	131	140	günstiger	4157-subjective8	negative	related
subjective	4157	133	139	nstige	4157-subjective9	unknown	related
subjective	4157	180	191	Punkt Abzug	4157-subjective10	negative	related
aspect	4158	128	140	Verarbeitung	4158-aspect0	unknown	related
aspect	4158	172	182	2 einsätze	4158-aspect1	unknown	related
aspect	4158	239	246	Gehäuse	4158-aspect2	unknown	related
aspect	4158	366	375	Aluminium	4158-aspect3	unknown	related
aspect	4158	382	386	Müll	4158-aspect4	unknown	related
aspect	4158	23	35	Verarbeitung	4158-aspect5	unknown	related
subjective	4158	18	21	Alu	4158-subjective6	negative	related
subjective	4158	37	47	Grauenhaft	4158-subjective7	negative	related
subjective	4158	99	109	paar Euros	4158-subjective8	positive	related
subjective	4158	145	155	grauenhaft	4158-subjective9	negative	related
subjective	4158	160	166	billig	4158-subjective10	negative	related
subjective	4158	207	217	rumfummeln	4158-subjective11	negative	related
subjective	4158	293	302	gerutscht	4158-subjective12	negative	related
aspect	4158	275	292	obere Haltebrille	4158-aspect13	unknown	related
subjective	4158	354	365	sehr dünnes	4158-subjective14	negative	related
subjective	4158	377	394	Fürn Müll reichts	4158-subjective15	neutral	related
aspect	4159	73	82	Mülltonne	4159-aspect0	unknown	related
aspect	4159	152	163	gelben Sack	4159-aspect1	unknown	foreign
aspect	4159	259	264	Tonne	4159-aspect2	unknown	related
aspect	4159	282	299	Produkt-Abbildung	4159-aspect3	unknown	related
aspect	4159	467	470	sie	4159-aspect4	unknown	related
aspect	4159	538	543	Tonne	4159-aspect5	unknown	related
aspect	4159	679	695	Plastikgestellen	4159-aspect6	unknown	foreign
aspect	4159	754	758	Look	4159-aspect7	unknown	related
aspect	4159	813	838	Butlers Mülltonne "Oskar"	4159-aspect8	unknown	related
subjective	4159	0	15	Optimale Lösung	4159-subjective9	positive	related
subjective	4159	43	72	optisch wirklich ansprechende	4159-subjective10	positive	related
subjective	4159	99	111	hervorragend	4159-subjective11	positive	related
subjective	4159	241	246	ziert	4159-subjective12	positive	related
subjective	4159	316	321	höher	4159-subjective13	negative	related
subjective	4159	479	506	nicht zu mächtig und klobig	4159-subjective14	positive	related
subjective	4159	568	583	perfekte Lösung	4159-subjective15	positive	related
subjective	4159	620	641	Kein blödes Entwirren	4159-subjective16	positive	related
subjective	4159	707	719	Instabilität	4159-subjective17	positive	related
subjective	4159	747	753	cooler	4159-subjective18	positive	related
subjective	4159	771	782	Daumen hoch	4159-subjective19	positive	related
subjective	4159	787	804	volle Sternanzahl	4159-subjective20	positive	related
aspect	4160	0	41	50 Liter Edelstahl Mülleimer Mülltrennung	4160-aspect0	unknown	related
aspect	4160	77	82	Eimer	4160-aspect1	unknown	related
aspect	4160	232	245	Kunstoffeimer	4160-aspect2	unknown	related
aspect	4160	271	275	Naht	4160-aspect3	unknown	related
aspect	4160	619	624	Eimer	4160-aspect4	unknown	related
aspect	4160	855	862	Händler	4160-aspect5	unknown	related
aspect	4160	1057	1070	Email verkehr	4160-aspect6	unknown	related
aspect	4160	1139	1144	Eimer	4160-aspect7	unknown	related
aspect	4160	1228	1230	er	4160-aspect8	unknown	related
subjective	4160	54	68	gar kein Stern	4160-subjective9	negative	related
subjective	4160	92	108	keinem empfehlen	4160-subjective10	negative	related
subjective	4160	178	195	bei näherem graut	4160-subjective11	negative	related
aspect	4160	311	315	Rand	4160-aspect12	unknown	related
subjective	4160	276	283	gerammt	4160-subjective13	negative	related
subjective	4160	324	333	gebrochen	4160-subjective14	negative	related
subjective	4160	635	647	schräg steht	4160-subjective15	negative	related
subjective	4160	720	728	verdreht	4160-subjective16	negative	related
subjective	4160	930	944	Standard Email	4160-subjective17	negative	related
subjective	4160	1071	1091	verlief sich im Sand	4160-subjective18	negative	related
subjective	4160	1116	1172	geklebten und schrägen Eimer für den vollen Preis sitzen	4160-subjective19	negative	related
subjective	4160	1231	1247	noch mehr Mängel	4160-subjective20	negative	related
aspect	4161	7	11	teil	4161-aspect0	unknown	related
aspect	4161	45	51	design	4161-aspect1	unknown	related
aspect	4161	53	65	funktioniert	4161-aspect2	unknown	related
aspect	4161	111	120	Batterien	4161-aspect3	unknown	related
subjective	4161	0	6	cooles	4161-subjective4	positive	related
subjective	4161	12	35	Erster Eindruck positiv	4161-subjective5	positive	related
subjective	4161	38	44	Cooles	4161-subjective6	positive	related
subjective	4161	66	77	einwandfrei	4161-subjective7	positive	related
subjective	4161	140	152	immer wieder	4161-subjective8	positive	related
subjective	4161	154	169	Sehr hygienisch	4161-subjective9	positive	related
aspect	4162	18	25	service	4162-aspect0	unknown	related
aspect	4162	42	51	lieferung	4162-aspect1	unknown	related
aspect	4162	100	107	produkt	4162-aspect2	unknown	related
subjective	4162	0	10	SPITZE !!!	4162-subjective3	positive	related
subjective	4162	7	10	!!!	4162-subjective4	unknown	related
subjective	4162	11	17	toller	4162-subjective5	positive	related
subjective	4162	27	41	super schnelle	4162-subjective6	positive	related
subjective	4162	108	132	hält was es verspricht!!	4162-subjective7	positive	related
subjective	4162	143	151	5 sterne	4162-subjective8	positive	related
subjective	4162	156	169	gerne wieder!	4162-subjective9	positive	related
aspect	4163	6	13	Produkt	4163-aspect0	unknown	related
aspect	4163	22	26	Geld	4163-aspect1	unknown	related
aspect	4163	31	36	Eimer	4163-aspect2	unknown	related
aspect	4163	61	65	Geld	4163-aspect3	unknown	related
aspect	4163	91	109	Papiersammelstelle	4163-aspect4	unknown	related
aspect	4163	223	234	Stahl-Optik	4163-aspect5	unknown	related
subjective	4163	0	5	Super	4163-subjective6	positive	related
subjective	4163	41	46	super	4163-subjective7	positive	related
subjective	4163	47	52	prima	4163-subjective8	positive	related
subjective	4163	195	209	prima geeignet	4163-subjective9	positive	related
aspect	4164	6	18	Verarbeitung	4164-aspect0	unknown	related
aspect	4164	49	61	Verarbeitung	4164-aspect1	unknown	related
aspect	4164	95	103	Qualität	4164-aspect2	unknown	related
aspect	4164	105	131	Preis-Leistungs-Verhältnis	4164-aspect3	unknown	related
aspect	4164	152	161	Mülleimer	4164-aspect4	unknown	related
subjective	4164	0	5	Tolle	4164-subjective5	positive	related
subjective	4164	27	34	positiv	4164-subjective6	positive	related
subjective	4164	44	48	gute	4164-subjective7	positive	related
subjective	4164	90	94	Gute	4164-subjective8	positive	related
subjective	4164	136	146	in Ordnung	4164-subjective9	neutral	related
subjective	4164	193	208	sieht super aus	4164-subjective10	positive	related
aspect	4165	0	10	Elektronic	4165-aspect0	unknown	related
aspect	4165	46	55	Mülleimer	4165-aspect1	unknown	related
aspect	4165	150	160	Elektronic	4165-aspect2	unknown	related
aspect	4165	196	201	Eimer	4165-aspect3	unknown	related
subjective	4165	11	23	taugt nichts	4165-subjective4	negative	related
subjective	4165	77	90	sehrzufrieden	4165-subjective5	positive	related
subjective	4165	141	174	gibt die Elektronic den Geist auf	4165-subjective6	negative	related
subjective	4165	202	219	nicht mehr kaufen	4165-subjective7	negative	related
aspect	4166	245	261	Vorgängermodells	4166-aspect0	unknown	foreign
aspect	4166	290	309	neuen Abfallsammler	4166-aspect1	unknown	related
aspect	4166	324	329	Hailo	4166-aspect2	unknown	related
aspect	4166	417	426	Vorgänger	4166-aspect3	unknown	foreign
aspect	4166	528	542	Unsichtbarkeit	4166-aspect4	unknown	related
aspect	4166	548	559	Müllbeutels	4166-aspect5	unknown	related
aspect	4166	577	587	Müllbeutel	4166-aspect6	unknown	related
aspect	4166	922	928	Henkel	4166-aspect7	unknown	related
aspect	4166	933	939	Eimers	4166-aspect8	unknown	related
aspect	4166	1183	1187	Tüte	4166-aspect9	unknown	related
aspect	4166	1213	1220	Henkels	4166-aspect10	unknown	related
aspect	4166	1259	1268	Gummiband	4166-aspect11	unknown	related
aspect	4166	1314	1318	Rand	4166-aspect12	unknown	related
aspect	4166	1342	1356	Eimer-Entnahme	4166-aspect13	unknown	related
aspect	4166	1493	1512	Aussparung am Boden	4166-aspect14	unknown	related
aspect	4166	1998	2003	ffnen	4166-aspect15	unknown	related
aspect	4166	2019	2028	Tret-Ring	4166-aspect16	unknown	related
aspect	4166	2071	2078	Deckels	4166-aspect17	unknown	related
aspect	4166	2198	2213	"ältere" Modell	4166-aspect18	unknown	foreign
aspect	4166	2312	2323	Plastikring	4166-aspect19	unknown	foreign
aspect	4166	2404	2427	neu überarbeitete Model	4166-aspect20	unknown	related
subjective	4166	1	20	Ver-schlimm-bessert	4166-subjective21	negative	related
subjective	4166	223	240	stolze Besitzerin	4166-subjective22	positive	related
subjective	4166	330	337	gefreut	4166-subjective23	positive	related
subjective	4166	397	403	Mängel	4166-subjective24	negative	related
subjective	4166	564	571	bedingt	4166-subjective25	negative	related
subjective	4166	870	882	enttäuschend	4166-subjective26	negative	related
subjective	4166	940	960	ungünstig konzipiert	4166-subjective27	negative	related
subjective	4166	1300	1309	Geknubbel	4166-subjective28	negative	related
subjective	4166	1320	1332	Sehr unschön	4166-subjective29	negative	related
subjective	4166	1441	1447	Rätsel	4166-subjective30	negative	related
subjective	4166	1458	1488	erschließt sich mir auch nicht	4166-subjective31	negative	related
subjective	4166	1963	1986	positiven Eigenschaften	4166-subjective32	positive	related
subjective	4166	1988	1996	bequemes	4166-subjective33	positive	related
subjective	4166	2010	2018	stabilen	4166-subjective34	positive	related
subjective	4166	2044	2057	geräuscharmes	4166-subjective35	positive	related
subjective	4166	2346	2352	gelöst	4166-subjective36	positive	related
subjective	4166	2367	2379	durchdachter	4166-subjective37	negative	related
subjective	4166	2384	2395	praktischer	4166-subjective38	negative	related
subjective	4166	2429	2438	Schade!!!	4166-subjective39	negative	related
aspect	4167	14	21	Pushboy	4167-aspect0	unknown	related
aspect	4167	33	46	Abfallsammler	4167-aspect1	unknown	related
aspect	4167	66	73	Pushboy	4167-aspect2	unknown	related
aspect	4167	176	184	Gebrauch	4167-aspect3	unknown	related
subjective	4167	0	13	Nie mehr ohne	4167-subjective4	positive	related
subjective	4167	48	90	so möchte man den Pushboy gar nicht nennen	4167-subjective5	positive	related
subjective	4167	150	163	Sieht TOP aus	4167-subjective6	positive	related
subjective	4167	165	172	einfach	4167-subjective7	positive	related
subjective	4167	189	215	macht unsere Küche schöner	4167-subjective8	positive	related
aspect	4168	116	122	Sensor	4168-aspect0	unknown	related
aspect	4168	135	151	ersten Lieferung	4168-aspect1	unknown	related
aspect	4168	170	179	Austausch	4168-aspect2	unknown	related
subjective	4168	0	9	gute Idee	4168-subjective3	positive	related
subjective	4168	49	54	super	4168-subjective4	positive	related
subjective	4168	107	115	Nachteil	4168-subjective5	negative	related
subjective	4168	152	158	defekt	4168-subjective6	negative	related
subjective	4168	203	216	ohne Probleme	4168-subjective7	positive	related
aspect	4169	5	12	Pushboy	4169-aspect0	unknown	related
aspect	4169	149	158	geliefert	4169-aspect1	unknown	related
aspect	4169	245	263	komplette Oberteil	4169-aspect2	unknown	related
aspect	4169	316	320	Teil	4169-aspect3	unknown	related
aspect	4169	344	349	Küche	4169-aspect4	unknown	related
subjective	4169	105	115	eyecatcher	4169-subjective5	positive	related
subjective	4169	206	214	Perfekt!	4169-subjective6	positive	related
subjective	4169	219	231	ungewöhnlich	4169-subjective7	negative	related
aspect	4169	268	277	Entleeren	4169-aspect8	unknown	related
subjective	4169	321	329	hat was!	4169-subjective9	positive	related
subjective	4169	354	360	Gewinn	4169-subjective10	positive	related
aspect	4170	16	24	Qualität	4170-aspect0	unknown	related
aspect	4170	40	49	montieren	4170-aspect1	unknown	related
aspect	4170	66	75	Mülleimer	4170-aspect2	unknown	related
aspect	4170	95	122	Preis-, Leistungsverhältnis	4170-aspect3	unknown	related
aspect	4170	141	148	Montage	4170-aspect4	unknown	related
aspect	4170	174	184	Handhabung	4170-aspect5	unknown	related
subjective	4170	0	9	Praktisch	4170-subjective6	positive	related
subjective	4170	11	15	gute	4170-subjective7	positive	related
subjective	4170	29	36	einfach	4170-subjective8	positive	related
subjective	4170	80	89	empfehlen	4170-subjective9	positive	related
subjective	4170	127	135	sehr gut	4170-subjective10	positive	related
subjective	4170	153	165	kinderleicht	4170-subjective11	positive	related
subjective	4170	185	200	alttagstauglich	4170-subjective12	positive	related
aspect	4171	11	23	Mülltrennung	4171-aspect0	unknown	related
aspect	4171	66	72	größen	4171-aspect1	unknown	related
aspect	4171	34	56	zwei personen haushalt	4171-aspect2	unknown	related
subjective	4171	0	10	willkommen	4171-subjective3	positive	related
subjective	4171	89	100	ausreichend	4171-subjective4	neutral	related
aspect	4171	77	88	abfalleimer	4171-aspect5	unknown	related
subjective	4171	192	197	super	4171-subjective6	positive	related
aspect	4172	26	33	optisch	4172-aspect0	unknown	related
aspect	4172	82	88	Deckel	4172-aspect1	unknown	related
subjective	4172	0	9	Praktisch	4172-subjective2	positive	related
subjective	4172	10	24	Sehr praktisch	4172-subjective3	positive	related
subjective	4172	34	45	ansprechend	4172-subjective4	positive	related
subjective	4172	47	59	keine Mängel	4172-subjective5	positive	related
subjective	4172	68	105	schliesst der Deckel etwas zu schnell	4172-subjective6	negative	related
subjective	4172	124	135	vier Sterne	4172-subjective7	positive	related
subjective	4172	145	159	Kaufempfehlung	4172-subjective8	positive	related
aspect	4173	32	40	Hausmüll	4173-aspect0	unknown	related
aspect	4173	71	77	Deckel	4173-aspect1	unknown	related
aspect	4173	103	109	Mücken	4173-aspect2	unknown	related
aspect	4173	157	161	Müll	4173-aspect3	unknown	related
aspect	4173	202	210	Buttlers	4173-aspect4	unknown	related
aspect	4173	219	228	Lieferung	4173-aspect5	unknown	related
aspect	4173	255	265	Teelichter	4173-aspect6	unknown	related
subjective	4173	4	23	schönste Verpackung	4173-subjective7	positive	related
subjective	4173	41	54	Platz sparend	4173-subjective8	positive	related
subjective	4173	59	65	schick	4173-subjective9	positive	related
subjective	4173	78	94	schließt perfekt	4173-subjective10	positive	related
subjective	4173	130	142	keine Chance	4173-subjective11	positive	related
subjective	4173	173	201	Uneingeschränkte Empfehlung!	4173-subjective12	positive	related
subjective	4173	239	245	gratis	4173-subjective13	positive	related
subjective	4173	286	298	sehr gefreut	4173-subjective14	positive	related
aspect	4174	36	58	mechanische Ausführung	4174-aspect0	unknown	related
aspect	4174	63	72	Behälters	4174-aspect1	unknown	related
aspect	4174	94	111	Konkurrenzprodukt	4174-aspect2	unknown	foreign
aspect	4174	262	273	FRANKE CUBE	4174-aspect3	unknown	related
aspect	4174	285	291	Auszug	4174-aspect4	unknown	related
aspect	4174	296	300	CUBE	4174-aspect5	unknown	related
aspect	4174	326	341	Kunststoffteile	4174-aspect6	unknown	related
subjective	4174	0	6	Stabil	4174-subjective7	positive	related
subjective	4174	11	31	sehr empfehlenswert!	4174-subjective8	positive	related
subjective	4174	77	88	einwandfrei	4174-subjective9	positive	related
subjective	4174	195	223	zum zweiten Mal (!) ersetzen	4174-subjective10	positive	related
subjective	4174	237	253	keinem Vergleich	4174-subjective11	positive	related
subjective	4174	314	320	besser	4174-subjective12	positive	related
subjective	4174	355	364	solideren	4174-subjective13	positive	related
subjective	4174	406	417	preiswerter	4174-subjective14	positive	related
subjective	4174	436	458	Sehr empfehlenswert!!!	4174-subjective15	positive	related
aspect	4175	12	27	Doppelmülleimer	4175-aspect0	unknown	related
aspect	4175	32	44	Einbauküchen	4175-aspect1	unknown	related
aspect	4175	104	111	Montage	4175-aspect2	unknown	related
aspect	4175	122	131	Bedienung	4175-aspect3	unknown	related
aspect	4175	199	205	Deckel	4175-aspect4	unknown	related
aspect	4175	311	316	Eimer	4175-aspect5	unknown	related
aspect	4175	347	357	Müllsäcken	4175-aspect6	unknown	related
subjective	4175	0	11	praktischer	4175-subjective7	positive	related
subjective	4175	76	93	sehr gut geeignet	4175-subjective8	positive	related
subjective	4175	95	103	einfache	4175-subjective9	positive	related
subjective	4175	113	121	einfache	4175-subjective10	positive	related
subjective	4175	150	156	robust	4175-subjective11	positive	related
subjective	4175	161	171	ausgereift	4175-subjective12	positive	related
subjective	4175	186	194	Ausnahme	4175-subjective13	negative	related
subjective	4175	219	227	klapprig	4175-subjective14	negative	related
subjective	4175	232	252	liegt nur leicht auf	4175-subjective15	negative	related
subjective	4175	325	335	verschiebt	4175-subjective16	negative	related
subjective	4175	358	367	verkantet	4175-subjective17	negative	related
aspect	4176	37	46	Lieferant	4176-aspect0	unknown	related
aspect	4176	74	85	Abfalleimer	4176-aspect1	unknown	related
aspect	4176	275	291	Produktabbildung	4176-aspect2	unknown	related
aspect	4176	297	303	Äußere	4176-aspect3	unknown	related
aspect	4176	340	346	Innere	4176-aspect4	unknown	related
aspect	4176	391	404	Einbaurahmens	4176-aspect5	unknown	related
aspect	4176	591	595	Maße	4176-aspect6	unknown	related
aspect	4176	603	622	Produktbeschreibung	4176-aspect7	unknown	related
aspect	4176	779	787	Qualität	4176-aspect8	unknown	related
aspect	4176	813	822	Brabantia	4176-aspect9	unknown	related
aspect	4176	855	867	Einbaurahmen	4176-aspect10	unknown	related
aspect	4176	904	915	Abfalleimer	4176-aspect11	unknown	related
aspect	4176	970	982	Einbaurahmen	4176-aspect12	unknown	related
aspect	4176	1022	1043	Befestigungsschrauben	4176-aspect13	unknown	related
aspect	4176	1125	1139	Abfallbehälter	4176-aspect14	unknown	related
aspect	4176	1292	1297	Nocke	4176-aspect15	unknown	related
aspect	4176	1370	1379	Scharnier	4176-aspect16	unknown	related
aspect	4176	1432	1439	Produkt	4176-aspect17	unknown	related
subjective	4176	8	17	empfehlen	4176-subjective18	positive	related
subjective	4176	198	205	Schwarz	4176-subjective19	positive	related
subjective	4176	318	334	Sandpapier-Optik	4176-subjective20	positive	related
subjective	4176	418	435	Klavierlack-Optik	4176-subjective21	positive	related
subjective	4176	635	641	falsch	4176-subjective22	negative	related
subjective	4176	741	758	nur 20 Müllbeutel	4176-subjective23	negative	related
subjective	4176	792	810	nichts auszusetzen	4176-subjective24	negative	related
subjective	4176	813	827	Brabantia halt	4176-subjective25	positive	related
subjective	4176	829	846	10 Jahre Garantie	4176-subjective26	positive	related
subjective	4176	939	966	derbem, schlagzähem Plastik	4176-subjective27	positive	related
subjective	4176	1164	1167	10l	4176-subjective28	positive	related
subjective	4176	1183	1205	kinderleicht einhängen	4176-subjective29	positive	related
aspect	4176	1247	1253	Deckel	4176-aspect30	unknown	related
subjective	4176	1301	1331	waagerechter Position gehalten	4176-subjective31	positive	related
subjective	4176	1344	1388	kaum die Gefahr, dass das Scharnier ausreißt	4176-subjective32	positive	related
subjective	4176	1402	1414	durchdachtes	4176-subjective33	positive	related
subjective	4176	1419	1431	hochwertiges	4176-subjective34	positive	related
subjective	4176	1449	1459	empfehlen!	4176-subjective35	positive	related
aspect	4177	11	20	Mülleimer	4177-aspect0	unknown	related
aspect	4177	27	33	Deckel	4177-aspect1	unknown	related
aspect	4177	126	136	Liferanten	4177-aspect2	unknown	related
aspect	4177	220	231	Neue Deckel	4177-aspect3	unknown	related
subjective	4177	5	10	Super	4177-subjective4	positive	related
subjective	4177	55	61	kaputt	4177-subjective5	negative	related
subjective	4177	81	88	rattern	4177-subjective6	negative	related
subjective	4177	196	219	sehr schnell bearbeitet	4177-subjective7	positive	related
subjective	4177	232	245	3 Tage später	4177-subjective8	positive	related
subjective	4177	263	275	Immer wieder	4177-subjective9	positive	related
subjective	4177	276	282	klasse	4177-subjective10	positive	related
aspect	4178	124	135	Mülltrenner	4178-aspect0	unknown	related
aspect	4178	195	198	Box	4178-aspect1	unknown	related
aspect	4178	255	263	reinigen	4178-aspect2	unknown	related
aspect	4178	282	292	einzubauen	4178-aspect3	unknown	related
subjective	4178	6	15	praktisch	4178-subjective4	positive	related
subjective	4178	163	172	zufrieden	4178-subjective5	positive	related
subjective	4178	203	212	praktisch	4178-subjective6	positive	related
subjective	4178	214	226	platzsparend	4178-subjective7	positive	related
subjective	4178	231	237	stabil	4178-subjective8	positive	related
subjective	4178	245	251	leicht	4178-subjective9	positive	related
subjective	4178	274	281	schnell	4178-subjective10	positive	related
aspect	4179	5	11	Deckel	4179-aspect0	unknown	related
aspect	4179	110	119	Mülleimer	4179-aspect1	unknown	related
aspect	4179	134	139	Preis	4179-aspect2	unknown	related
subjective	4179	28	36	wackelig	4179-subjective3	negative	related
subjective	4179	90	101	super Sache	4179-subjective4	positive	related
subjective	4179	103	109	Toller	4179-subjective5	positive	related
subjective	4179	128	133	guter	4179-subjective6	positive	related
subjective	4179	0	3	Gut	4179-subjective7	positive	related
aspect	4180	6	14	Qualität	4180-aspect0	unknown	related
aspect	4180	25	30	Preis	4180-aspect1	unknown	related
aspect	4180	70	83	Tretmülleimer	4180-aspect2	unknown	related
aspect	4180	106	118	Metallkorpus	4180-aspect3	unknown	related
aspect	4180	129	148	3 Mülleimereinsätze	4180-aspect4	unknown	related
aspect	4180	424	434	Müllbeutel	4180-aspect5	unknown	related
aspect	4180	452	458	Eimern	4180-aspect6	unknown	related
aspect	4180	533	542	Spaltmaße	4180-aspect7	unknown	related
aspect	4180	552	558	Korpus	4180-aspect8	unknown	related
aspect	4180	563	573	Mülleimern	4180-aspect9	unknown	related
aspect	4180	640	646	Deckel	4180-aspect10	unknown	related
aspect	4180	882	891	Mülleimer	4180-aspect11	unknown	related
aspect	4180	992	1008	Öffnemechanismus	4180-aspect12	unknown	related
aspect	4180	1055	1065	Tretmüller	4180-aspect13	unknown	related
aspect	4180	1081	1102	Verarbeitungsqualität	4180-aspect14	unknown	related
aspect	4180	1122	1127	Optik	4180-aspect15	unknown	related
subjective	4180	0	5	Super	4180-subjective16	positive	related
subjective	4180	19	24	guten	4180-subjective17	positive	related
subjective	4180	31	41	Sehr guter	4180-subjective18	positive	related
aspect	4180	46	56	qualitativ	4180-aspect19	unknown	related
subjective	4180	57	69	hochwertiger	4180-subjective20	positive	related
subjective	4180	89	105	gut verarbeitete	4180-subjective21	positive	related
subjective	4180	193	214	nicht sonderlich groß	4180-subjective22	positive	related
subjective	4180	221	232	ausreichend	4180-subjective23	neutral	related
subjective	4180	314	335	keine 5 vollen Sterne	4180-subjective24	negative	related
subjective	4180	379	405	relativ großen Zeitaufwand	4180-subjective25	negative	related
subjective	4180	574	585	sehr gering	4180-subjective26	negative	related
subjective	4180	1046	1054	besseren	4180-subjective27	positive	related
subjective	4180	1128	1137	überzeugt	4180-subjective28	positive	related
subjective	4180	1115	1121	schöne	4180-subjective29	positive	related
aspect	4181	22	30	Qualität	4181-aspect0	unknown	related
aspect	4181	100	109	Bedienung	4181-aspect1	unknown	related
aspect	4181	126	139	Kunstoffteile	4181-aspect2	unknown	related
aspect	4181	159	165	Amazon	4181-aspect3	unknown	related
aspect	4181	191	197	Design	4181-aspect4	unknown	related
aspect	4181	202	210	Funktion	4181-aspect5	unknown	related
subjective	4181	0	12	Schon defekt	4181-subjective6	negative	related
subjective	4181	31	59	lässt echt zu wünschen übrig	4181-subjective7	negative	related
subjective	4181	75	88	umständlichen	4181-subjective8	negative	related
subjective	4181	140	151	abgebrochen	4181-subjective9	negative	related
subjective	4181	169	178	Rücknahme	4181-subjective10	negative	related
subjective	4181	198	201	Top	4181-subjective11	positive	related
subjective	4181	211	215	Flop	4181-subjective12	negative	related
aspect	4182	24	33	Mülltonne	4182-aspect0	unknown	related
aspect	4182	38	43	Tonne	4182-aspect1	unknown	related
aspect	4182	99	102	Sie	4182-aspect2	unknown	related
aspect	4182	118	130	funktioniert	4182-aspect3	unknown	related
aspect	4182	178	191	Flügelklappen	4182-aspect4	unknown	related
aspect	4182	246	252	Flügel	4182-aspect5	unknown	related
aspect	4182	342	348	System	4182-aspect6	unknown	related
aspect	4182	476	482	Flügel	4182-aspect7	unknown	related
aspect	4182	751	760	Mülltonne	4182-aspect8	unknown	related
aspect	4182	790	799	Mülltonne	4182-aspect9	unknown	related
subjective	4182	0	11	Funktionale	4182-subjective10	positive	related
subjective	4182	16	23	schicke	4182-subjective11	positive	related
subjective	4182	79	97	sieht sehr gut aus	4182-subjective12	positive	related
subjective	4182	107	113	stabil	4182-subjective13	positive	related
subjective	4182	131	142	einwandfrei	4182-subjective14	positive	related
subjective	4182	285	312	leichtgängige Klappfunktion	4182-subjective15	positive	related
subjective	4182	329	358	zeichnet das System besonders	4182-subjective16	positive	related
subjective	4182	693	783	Unangenehme, ungewollte Einblicke in das Innenleben einer Mülltonne bleiben so unterbunden	4182-subjective17	positive	related
subjective	4182	812	826	empfehlenswert	4182-subjective18	positive	related
aspect	4183	12	18	Halter	4183-aspect0	unknown	related
aspect	4183	23	37	Handtuchhalter	4183-aspect1	unknown	related
aspect	4183	68	84	Küchenschranktür	4183-aspect2	unknown	related
subjective	4183	0	11	Praktischer	4183-subjective3	positive	related
subjective	4183	48	58	problemlos	4183-subjective4	positive	related
subjective	4183	116	134	Halt dort sehr gut	4183-subjective5	positive	related
subjective	4183	156	166	empfehlen!	4183-subjective6	positive	related
aspect	4184	0	12	Mülltrennung	4184-aspect0	unknown	related
aspect	4184	36	57	Müll- Trennungssystem	4184-aspect1	unknown	related
aspect	4184	97	103	Deckel	4184-aspect2	unknown	related
aspect	4184	153	161	Behälter	4184-aspect3	unknown	related
aspect	4184	223	228	Ganze	4184-aspect4	unknown	related
subjective	4184	13	19	leicht	4184-subjective5	positive	related
subjective	4184	58	71	passt perfekt	4184-subjective6	positive	related
subjective	4184	104	128	schiebt sich automatisch	4184-subjective7	positive	related
subjective	4184	166	207	verhindert damit auch unangenehme Gerüche	4184-subjective8	positive	related
subjective	4184	229	235	stabil	4184-subjective9	positive	related
subjective	4184	240	253	gut einbaubar	4184-subjective10	positive	related
aspect	4185	0	7	Optisch	4185-aspect0	unknown	related
aspect	4185	14	22	Material	4185-aspect1	unknown	related
aspect	4185	149	156	Produkt	4185-aspect2	unknown	related
aspect	4185	191	201	Inneneimer	4185-aspect3	unknown	related
aspect	4185	210	226	Kunststoffhalter	4185-aspect4	unknown	related
aspect	4185	235	244	Mülltüten	4185-aspect5	unknown	related
aspect	4185	336	342	Design	4185-aspect6	unknown	related
aspect	4185	448	457	Materials	4185-aspect7	unknown	related
aspect	4185	521	530	Scharnier	4185-aspect8	unknown	related
aspect	4185	534	540	Deckel	4185-aspect9	unknown	related
aspect	4185	582	589	Plastik	4185-aspect10	unknown	related
aspect	4185	678	688	Verpackung	4185-aspect11	unknown	related
aspect	4185	756	774	5 jährige Garantie	4185-aspect12	unknown	related
aspect	4185	826	840	Hailo-Homepage	4185-aspect13	unknown	related
aspect	4185	861	872	Ersatzteils	4185-aspect14	unknown	related
aspect	4185	1053	1069	Garantieleistung	4185-aspect15	unknown	related
aspect	4185	1109	1120	Ersatzteils	4185-aspect16	unknown	related
aspect	4185	1189	1198	Treteimer	4185-aspect17	unknown	related
aspect	4185	1250	1265	Kunststoffkranz	4185-aspect18	unknown	related
aspect	4185	1463	1473	Innenseite	4185-aspect19	unknown	related
aspect	4185	1478	1483	Rings	4185-aspect20	unknown	related
aspect	4185	1489	1499	Widerhaken	4185-aspect21	unknown	related
aspect	4185	1933	1937	Teil	4185-aspect22	unknown	related
aspect	4185	1969	1980	Rezensionen	4185-aspect23	unknown	related
aspect	4185	2167	2176	Mülleimer	4185-aspect24	unknown	related
subjective	4185	8	11	gut	4185-subjective25	positive	related
subjective	4185	39	49	bescheiden	4185-subjective26	negative	related
subjective	4185	157	172	recht überzeugt	4185-subjective27	positive	related
subjective	4185	254	266	mehr als gut	4185-subjective28	positive	related
subjective	4185	283	288	hackt	4185-subjective29	negative	related
subjective	4185	380	391	ansprechend	4185-subjective30	negative	related
subjective	4185	432	443	Lebensdauer	4185-subjective31	negative	related
subjective	4185	541	547	kaputt	4185-subjective32	negative	related
subjective	4185	572	577	brach	4185-subjective33	negative	related
subjective	4185	895	904	kostenlos	4185-subjective34	positive	related
subjective	4185	1024	1091	Möglichkeit gegeben ist, die Garantieleistung in Anspruch zu nehmen	4185-subjective35	negative	related
subjective	4185	1206	1219	einsatzbereit	4185-subjective36	positive	related
subjective	4185	1233	1238	brach	4185-subjective37	negative	related
subjective	4185	1938	1945	genervt	4185-subjective38	negative	related
subjective	4185	2089	2106	Montagsproduktion	4185-subjective39	negative	related
subjective	4185	2130	2138	gespannt	4185-subjective40	negative	related
aspect	4186	15	20	Preis	4186-aspect0	unknown	related
aspect	4186	56	64	Qualität	4186-aspect1	unknown	related
aspect	4186	89	94	Preis	4186-aspect2	unknown	related
subjective	4186	0	6	TOP!!!	4186-subjective3	positive	related
subjective	4186	21	35	unschlagbar!!!	4186-subjective4	positive	related
subjective	4186	37	55	Keine hammermäßige	4186-subjective5	negative	related
subjective	4186	95	116	rechnet damit niemand	4186-subjective6	positive	related
subjective	4186	130	139	5 Sterne!	4186-subjective7	positive	related
aspect	4187	26	32	System	4187-aspect0	unknown	related
aspect	4187	51	58	Gestell	4187-aspect1	unknown	related
aspect	4187	103	110	Schiene	4187-aspect2	unknown	related
aspect	4187	159	164	Eimer	4187-aspect3	unknown	related
aspect	4187	188	206	Hausmüllentsorgung	4187-aspect4	unknown	related
aspect	4187	224	229	Hailo	4187-aspect5	unknown	related
aspect	4187	268	284	Einstiegsmodelle	4187-aspect6	unknown	foreign
aspect	4187	375	381	Einbau	4187-aspect7	unknown	related
aspect	4187	433	444	Abmessungen	4187-aspect8	unknown	related
aspect	4187	541	548	optisch	4187-aspect9	unknown	related
subjective	4187	0	6	Robust	4187-subjective10	positive	related
subjective	4187	11	25	leichtgängiges	4187-subjective11	positive	related
subjective	4187	39	46	gleitet	4187-subjective12	positive	related
subjective	4187	112	141	Ohne zu haken oder zu klemmen	4187-subjective13	positive	related
subjective	4187	212	216	Spaß	4187-subjective14	positive	related
subjective	4187	245	250	teuer	4187-subjective15	negative	related
subjective	4187	325	339	sehr zufrieden	4187-subjective16	positive	related
subjective	4187	360	374	kinderleichtem	4187-subjective17	positive	related
subjective	4187	424	432	kompakte	4187-subjective18	positive	related
subjective	4187	453	469	Leichtgängigkeit	4187-subjective19	positive	related
subjective	4187	523	532	zufrieden	4187-subjective20	positive	related
subjective	4187	602	611	überzeugt	4187-subjective21	positive	related
subjective	4187	649	665	volle Punktzahl!	4187-subjective22	positive	related
aspect	4188	15	23	montiert	4188-aspect0	unknown	related
aspect	4188	76	85	Mülleimer	4188-aspect1	unknown	related
aspect	4188	140	148	Qualität	4188-aspect2	unknown	related
aspect	4188	169	178	anzubauen	4188-aspect3	unknown	related
subjective	4188	0	6	Super!	4188-subjective4	positive	related
subjective	4188	7	14	Schnell	4188-subjective5	positive	related
subjective	4188	35	41	klasse	4188-subjective6	positive	related
subjective	4188	127	148	Das Ding hat Qualität	4188-subjective7	positive	related
subjective	4188	161	168	einfach	4188-subjective8	positive	related
subjective	4188	195	204	praktisch	4188-subjective9	positive	related
subjective	4188	215	229	Kaufempfehlung	4188-subjective10	positive	related
aspect	4189	42	55	Markenprodukt	4189-aspect0	unknown	related
aspect	4189	98	109	verarbeitet	4189-aspect1	unknown	related
aspect	4189	133	147	Preis/Leistung	4189-aspect2	unknown	related
subjective	4189	0	6	Solide	4189-subjective3	positive	related
subjective	4189	7	63	Bietet das, was man sich von einem Markenprodukt wünscht	4189-subjective4	positive	related
subjective	4189	65	92	Keine Klappern oder Wackeln	4189-subjective5	positive	related
subjective	4189	94	97	Gut	4189-subjective6	positive	related
aspect	4189	110	115	Preis	4189-aspect7	unknown	related
subjective	4189	116	131	durch Aktion ok	4189-subjective8	neutral	related
subjective	4189	148	190	bei normal Preis für mich nicht akzeptabel	4189-subjective9	negative	related
aspect	4190	45	75	klassischen Schwingdeckeleimer	4190-aspect0	unknown	foreign
aspect	4190	199	204	Eimer	4190-aspect1	unknown	related
aspect	4190	251	266	Verpackungsmüll	4190-aspect2	unknown	related
aspect	4190	278	301	geruchsdämpfende Deckel	4190-aspect3	unknown	related
aspect	4190	365	371	Deckel	4190-aspect4	unknown	related
aspect	4190	585	587	Er	4190-aspect5	unknown	related
aspect	4190	762	782	Schienenkonstruktion	4190-aspect6	unknown	related
aspect	4190	825	830	Räder	4190-aspect7	unknown	related
aspect	4190	852	873	Kunststoffgriffplatte	4190-aspect8	unknown	related
subjective	4190	0	11	Umständlich	4190-subjective9	negative	related
subjective	4190	13	18	klein	4190-subjective10	negative	related
subjective	4190	20	25	labil	4190-subjective11	negative	related
subjective	4190	110	145	nicht einen Handgriff, sondern zwei	4190-subjective12	negative	related
subjective	4190	216	221	klein	4190-subjective13	negative	related
subjective	4190	312	316	lose	4190-subjective14	negative	related
subjective	4190	476	486	ausgehängt	4190-subjective15	negative	related
subjective	4190	597	619	Geschicklichkeitsübung	4190-subjective16	negative	related
subjective	4190	755	761	labile	4190-subjective17	negative	related
subjective	4190	810	818	verbiegt	4190-subjective18	negative	related
subjective	4190	831	838	brechen	4190-subjective19	negative	related
subjective	4190	909	918	gebrochen	4190-subjective20	negative	related
aspect	4191	16	30	Handtuchhalter	4191-aspect0	unknown	related
aspect	4191	70	78	Handtuch	4191-aspect1	unknown	related
aspect	4191	105	111	Halter	4191-aspect2	unknown	related
subjective	4191	0	3	Top	4191-subjective3	positive	related
subjective	4191	9	15	klasse	4191-subjective4	positive	related
subjective	4191	31	53	hält was er verspricht	4191-subjective5	positive	related
subjective	4191	54	68	sehr praktisch	4191-subjective6	positive	related
subjective	4191	93	104	griffbereit	4191-subjective7	positive	related
subjective	4191	116	142	gut an der Tür anzubringen	4191-subjective8	positive	related
aspect	4192	0	15	Hailo Multi-Box	4192-aspect0	unknown	related
aspect	4192	30	36	Modell	4192-aspect1	unknown	related
aspect	4192	121	123	es	4192-aspect2	unknown	related
subjective	4192	90	114	wieder dafür entschieden	4192-subjective3	positive	related
subjective	4192	133	139	stabil	4192-subjective4	positive	related
subjective	4192	144	162	anwenderfreundlich	4192-subjective5	positive	related
aspect	4193	22	31	Mülleimer	4193-aspect0	unknown	related
aspect	4193	49	58	eingebaut	4193-aspect1	unknown	related
aspect	4193	96	104	reinigen	4193-aspect2	unknown	related
subjective	4193	0	14	sehr praktisch	4193-subjective3	positive	related
subjective	4193	41	48	schnell	4193-subjective4	positive	related
subjective	4193	66	75	praktisch	4193-subjective5	positive	related
subjective	4193	85	92	einfach	4193-subjective6	positive	related
aspect	4194	79	98	Wesco Tretmülleimer	4194-aspect0	unknown	foreign
subjective	4194	15	24	zufrieden	4194-subjective1	positive	related
subjective	4194	110	136	nach knapp 2 Jahren defekt	4194-subjective2	positive	related
aspect	4195	18	31	Wesco Pushboy	4195-aspect0	unknown	related
aspect	4195	107	113	innere	4195-aspect1	unknown	related
aspect	4195	215	224	Mülleimer	4195-aspect2	unknown	related
aspect	4195	228	233	Boden	4195-aspect3	unknown	related
aspect	4195	380	393	ganze Gehäuse	4195-aspect4	unknown	related
aspect	4195	421	425	Müll	4195-aspect5	unknown	related
subjective	4195	8	17	kulti :-)	4195-subjective6	positive	related
subjective	4195	40	49	Klassiker	4195-subjective7	positive	related
subjective	4195	84	93	bemängeln	4195-subjective8	negative	related
aspect	4195	180	186	Schutz	4195-aspect9	unknown	related
subjective	4195	295	302	Kratzer	4195-subjective10	negative	related
subjective	4195	308	319	Abnutzungen	4195-subjective11	negative	related
subjective	4195	363	374	umständlich	4195-subjective12	negative	related
aspect	4196	27	36	Lieferung	4196-aspect0	unknown	related
aspect	4196	67	77	Papierkorb	4196-aspect1	unknown	related
aspect	4196	89	94	Preis	4196-aspect2	unknown	related
aspect	4196	105	113	Qualität	4196-aspect3	unknown	related
subjective	4196	0	14	tut was r soll	4196-subjective4	positive	related
subjective	4196	18	26	schnelle	4196-subjective5	positive	related
subjective	4196	95	104	sehr gute	4196-subjective6	positive	related
subjective	4196	114	129	geht völlig i.O	4196-subjective7	positive	related
aspect	4197	0	41	50 Liter Edelstahl Mülleimer Mülltrennung	4197-aspect0	unknown	related
aspect	4197	46	87	50 Liter Edelstahl Mülleimer Mülltrennung	4197-aspect1	unknown	related
aspect	4197	102	113	verarbeitet	4197-aspect2	unknown	related
aspect	4197	124	133	Lieferung	4197-aspect3	unknown	related
aspect	4197	201	207	amazon	4197-aspect4	unknown	related
subjective	4197	93	101	sehr gut	4197-subjective5	positive	related
subjective	4197	149	156	schnell	4197-subjective6	positive	related
subjective	4197	230	245	weiter emfehlen	4197-subjective7	positive	related
aspect	4198	23	35	Verarbeitung	4198-aspect0	unknown	related
aspect	4198	64	69	Hailo	4198-aspect1	unknown	related
aspect	4198	102	115	drei Behälter	4198-aspect2	unknown	related
aspect	4198	127	130	Bio	4198-aspect3	unknown	related
aspect	4198	160	171	Gelben Sack	4198-aspect4	unknown	related
aspect	4198	176	184	Restmüll	4198-aspect5	unknown	related
subjective	4198	0	17	Nicht genug Platz	4198-subjective6	negative	related
subjective	4198	70	73	gut	4198-subjective7	positive	related
subjective	4198	116	125	zu kleine	4198-subjective8	negative	related
subjective	4198	138	149	ausreichend	4198-subjective9	neutral	related
subjective	4198	218	223	klein	4198-subjective10	negative	related
aspect	4199	0	63	Hailo Design Tret- Abfallsammler Treton TOP dessign 16, vanille	4199-aspect0	unknown	related
aspect	4199	85	94	Mulleimer	4199-aspect1	unknown	related
aspect	4199	108	114	Deckel	4199-aspect2	unknown	related
aspect	4199	173	178	Gummi	4199-aspect3	unknown	related
aspect	4199	191	197	Beutel	4199-aspect4	unknown	related
aspect	4199	217	221	Form	4199-aspect5	unknown	related
aspect	4199	226	232	Design	4199-aspect6	unknown	related
subjective	4199	73	84	praktischer	4199-subjective7	positive	related
subjective	4199	137	148	ganz öffnet	4199-subjective8	positive	related
subjective	4199	150	159	Praktisch	4199-subjective9	positive	related
subjective	4199	198	215	sehr gut festhält	4199-subjective10	positive	related
subjective	4199	237	247	sehr schön	4199-subjective11	positive	related
