subjective	1300	0	9	Excellent	1300-subjective0	positive	related
aspect	1300	18	23	price	1300-aspect1	unknown	related
subjective	1300	30	38	powerful	1300-subjective2	positive	related
subjective	1300	40	52	light-weight	1300-subjective3	positive	related
subjective	1300	58	62	easy	1300-subjective4	positive	related
aspect	1300	78	83	clean	1300-aspect5	unknown	related
aspect	1300	92	107	hose implements	1300-aspect6	unknown	related
subjective	1300	114	128	very impressed	1300-subjective7	positive	related
subjective	1300	131	137	Thanks	1300-subjective8	positive	related
subjective	1301	0	5	great	1301-subjective0	positive	related
aspect	1301	6	12	vacuum	1301-aspect1	unknown	related
subjective	1301	14	19	great	1301-subjective2	positive	related
aspect	1301	20	25	price	1301-aspect3	unknown	related
subjective	1301	26	31	Great	1301-subjective4	positive	related
aspect	1301	32	38	vacuum	1301-aspect5	unknown	related
aspect	1301	49	57	pet hair	1301-aspect6	unknown	related
subjective	1301	58	63	great	1301-subjective7	positive	related
aspect	1301	111	117	floors	1301-aspect8	unknown	related
subjective	1301	122	139	cleaner than ever	1301-subjective9	positive	related
aspect	1301	141	155	Dirt container	1301-aspect10	unknown	related
subjective	1301	161	173	little small	1301-subjective11	negative	related
subjective	1301	181	211	don't mind emptying more often	1301-subjective12	neutral	related
aspect	1301	222	227	thing	1301-aspect13	unknown	related
aspect	1301	228	233	works	1301-aspect14	unknown	related
subjective	1301	234	239	great	1301-subjective15	positive	related
aspect	1301	259	262	$99	1301-aspect16	unknown	related
aspect	1301	266	272	Costco	1301-aspect17	unknown	related
subjective	1301	274	283	good deal	1301-subjective18	positive	related
aspect	1302	0	23	Hoover Platinum Upright	1302-aspect0	unknown	related
aspect	1302	42	48	Hoover	1302-aspect1	unknown	related
subjective	1302	81	91	very happy	1302-subjective2	positive	related
aspect	1302	106	113	quality	1302-aspect3	unknown	related
subjective	1302	117	128	superior to	1302-subjective4	positive	related
aspect	1302	132	143	last vacuum	1302-aspect5	unknown	foreign
aspect	1302	148	153	using	1302-aspect6	unknown	related
subjective	1302	162	170	pleasure	1302-subjective7	positive	related
aspect	1302	177	185	canister	1302-aspect8	unknown	related
subjective	1302	194	201	perfect	1302-subjective9	positive	related
aspect	1302	216	222	stairs	1302-aspect10	unknown	related
aspect	1302	227	234	cobwebs	1302-aspect11	unknown	related
subjective	1302	240	245	super	1302-subjective12	positive	related
aspect	1302	246	254	powerful	1302-aspect13	unknown	related
subjective	1302	262	279	glad I didn't buy	1302-subjective14	positive	related
aspect	1302	284	289	Oreck	1302-aspect15	unknown	foreign
aspect	1302	293	299	Costco	1302-aspect16	unknown	foreign
aspect	1302	321	332	Hoover bags	1302-aspect17	unknown	related
aspect	1302	347	352	store	1302-aspect18	unknown	related
subjective	1302	309	342	can get the Hoover bags at almost	1302-subjective19	positive	related
aspect	1303	15	21	Vacuum	1303-aspect0	unknown	related
subjective	1303	0	14	Never a Better	1303-subjective1	positive	related
aspect	1303	54	68	Vacuum Cleaner	1303-aspect2	unknown	related
subjective	1303	89	106	not One Complaint	1303-subjective3	positive	related
subjective	1303	114	125	lightweight	1303-subjective4	positive	related
aspect	1303	137	142	works	1303-aspect5	unknown	related
subjective	1303	143	155	like a charm	1303-subjective6	positive	related
aspect	1303	169	182	shedding dogs	1303-aspect7	unknown	related
aspect	1303	191	195	dirt	1303-aspect8	unknown	related
aspect	1303	200	204	hair	1303-aspect9	unknown	related
aspect	1303	215	224	sucked up	1303-aspect10	unknown	related
subjective	1303	230	240	no problem	1303-subjective11	positive	related
aspect	1303	270	285	pads & canister	1303-aspect12	unknown	related
aspect	1303	332	336	dirt	1303-aspect13	unknown	related
aspect	1303	354	368	Vacuum Cleaner	1303-aspect14	unknown	related
subjective	1303	377	388	lightweight	1303-subjective15	positive	related
subjective	1303	394	399	WORKS	1303-subjective16	positive	related
subjective	1304	0	4	Love	1304-subjective0	positive	related
aspect	1304	32	40	hardwood	1304-aspect1	unknown	related
aspect	1304	45	60	laminate floors	1304-aspect2	unknown	related
aspect	1304	167	183	Hoover floormate	1304-aspect3	unknown	related
subjective	1304	189	202	really cleans	1304-subjective4	positive	related
aspect	1304	218	224	floors	1304-aspect5	unknown	related
subjective	1304	225	236	streak free	1304-subjective6	positive	related
subjective	1304	242	249	in love	1304-subjective7	positive	related
aspect	1304	5	7	it	1304-aspect8	unknown	related
subjective	1304	138	183	I've finally found it in the Hoover floormate	1304-subjective9	positive	related
aspect	1305	38	44	vacuum	1305-aspect0	unknown	related
subjective	1305	55	67	largely good	1305-subjective1	positive	related
aspect	1305	68	75	reviews	1305-aspect2	unknown	related
subjective	1305	83	93	ton of bad	1305-subjective3	negative	related
aspect	1305	94	101	reviews	1305-aspect4	unknown	related
subjective	1305	115	122	lack of	1305-subjective5	negative	related
aspect	1305	123	130	suction	1305-aspect6	unknown	related
subjective	1305	0	8	Easy fix	1305-subjective7	positive	related
aspect	1305	13	23	no suction	1305-aspect8	unknown	related
subjective	1305	165	205	fell victim to the 'no suction' syndrome	1305-subjective9	negative	related
aspect	1305	255	261	Hoover	1305-aspect10	unknown	related
aspect	1305	283	296	service group	1305-aspect11	unknown	related
subjective	1305	319	337	easy trouble shoot	1305-subjective12	positive	related
aspect	1305	344	348	hose	1305-aspect13	unknown	related
subjective	1305	361	373	pretty badly	1305-subjective14	negative	related
aspect	1305	353	360	clogged	1305-aspect15	unknown	related
aspect	1305	406	410	hose	1305-aspect16	unknown	related
aspect	1305	431	437	vacuum	1305-aspect17	unknown	related
aspect	1305	450	461	broom stick	1305-aspect18	unknown	related
aspect	1305	552	565	extension arm	1305-aspect19	unknown	related
subjective	1305	619	623	Poor	1305-subjective20	negative	related
aspect	1305	624	630	design	1305-aspect21	unknown	related
aspect	1305	671	675	dirt	1305-aspect22	unknown	related
subjective	1305	745	785	fix the issue I was having in one minute	1305-subjective23	positive	related
aspect	1305	836	842	sticks	1305-aspect24	unknown	related
subjective	1306	0	8	Powerful	1306-subjective0	positive	related
aspect	1306	17	21	size	1306-aspect1	unknown	related
subjective	1306	27	37	very happy	1306-subjective2	positive	related
aspect	1306	47	58	performance	1306-aspect3	unknown	related
subjective	1306	61	69	Powerful	1306-subjective4	positive	related
aspect	1306	78	82	size	1306-aspect5	unknown	related
aspect	1306	99	110	accessories	1306-aspect6	unknown	related
subjective	1306	93	98	right	1306-subjective7	positive	related
aspect	1306	123	130	corners	1306-aspect8	unknown	related
aspect	1306	135	143	crevices	1306-aspect9	unknown	related
aspect	1306	226	236	dirt devil	1306-aspect10	unknown	related
subjective	1306	240	245	great	1306-subjective11	positive	related
aspect	1306	284	299	apartment space	1306-aspect12	unknown	related
aspect	1306	318	329	large house	1306-aspect13	unknown	related
aspect	1306	343	351	canister	1306-aspect14	unknown	related
subjective	1306	397	402	ideal	1306-subjective15	positive	related
aspect	1306	409	422	quick refresh	1306-aspect16	unknown	related
aspect	1306	451	465	square footage	1306-aspect17	unknown	related
subjective	1306	471	487	Highly recommend	1306-subjective18	positive	related
subjective	1306	264	273	recommend	1306-subjective19	positive	related
aspect	1306	274	276	it	1306-aspect20	unknown	related
subjective	1307	0	18	not what i thought	1307-subjective0	negative	related
subjective	1307	33	51	very loud and winy	1307-subjective1	negative	related
subjective	1307	52	63	not powered	1307-subjective2	negative	related
subjective	1307	64	71	hard to	1307-subjective3	negative	related
aspect	1307	72	76	push	1307-aspect4	unknown	related
subjective	1307	77	87	very short	1307-subjective5	negative	related
aspect	1307	88	92	cord	1307-aspect6	unknown	related
aspect	1307	93	104	bagless cup	1307-aspect7	unknown	related
subjective	1307	105	135	needs to be emptied every room	1307-subjective8	negative	related
subjective	1307	155	159	cons	1307-subjective9	negative	related
subjective	1307	246	255	don't buy	1307-subjective10	negative	related
aspect	1307	271	278	upgrade	1307-aspect11	unknown	foreign
aspect	1307	288	296	4 others	1307-aspect12	unknown	foreign
subjective	1307	302	325	must be a better choice	1307-subjective13	negative	related
subjective	1307	361	385	you will be disappointed	1307-subjective14	negative	related
subjective	1307	20	32	7 amp not 12	1307-subjective15	negative	related
aspect	1307	20	25	7 amp	1307-aspect16	unknown	related
subjective	1307	169	181	cheep- small	1307-subjective17	positive	related
aspect	1307	182	189	suction	1307-aspect18	unknown	related
aspect	1307	330	340	10.00 more	1307-aspect19	unknown	foreign
subjective	1307	341	357	go for the extra	1307-subjective20	negative	related
subjective	1307	160	164	pros	1307-subjective21	positive	related
aspect	1307	256	260	this	1307-aspect22	unknown	related
subjective	1308	0	33	Does exactly what I want it to do	1308-subjective0	positive	related
aspect	1308	81	87	vacuum	1308-aspect1	unknown	related
subjective	1308	171	174	low	1308-subjective2	negative	related
aspect	1308	175	182	ratings	1308-aspect3	unknown	related
subjective	1308	203	207	like	1308-subjective4	positive	related
aspect	1308	213	220	machine	1308-aspect5	unknown	related
aspect	1308	263	277	vacuum cleaner	1308-aspect6	unknown	related
subjective	1308	328	355	much lighter in weight than	1308-subjective7	positive	related
aspect	1308	344	350	weight	1308-aspect8	unknown	related
aspect	1308	359	374	old Eureka Boss	1308-aspect9	unknown	foreign
subjective	1308	407	417	tremendous	1308-subjective10	positive	related
aspect	1308	418	431	suction power	1308-aspect11	unknown	related
aspect	1308	445	455	bagged vac	1308-aspect12	unknown	related
aspect	1308	519	527	dust cup	1308-aspect13	unknown	related
aspect	1308	533	544	bagless vac	1308-aspect14	unknown	related
aspect	1308	574	579	stuff	1308-aspect15	unknown	related
subjective	1308	668	678	overpriced	1308-subjective16	positive	related
aspect	1308	679	684	Dyson	1308-aspect17	unknown	foreign
subjective	1308	705	716	inexpensive	1308-subjective18	positive	related
aspect	1308	717	723	Hoover	1308-aspect19	unknown	related
aspect	1308	725	732	Bissell	1308-aspect20	unknown	foreign
aspect	1308	734	740	Eureka	1308-aspect21	unknown	foreign
aspect	1308	742	749	Kenmore	1308-aspect22	unknown	foreign
aspect	1308	753	777	whatever bagless machine	1308-aspect23	unknown	foreign
aspect	1308	800	808	dust cup	1308-aspect24	unknown	related
subjective	1308	809	816	problem	1308-subjective25	negative	related
subjective	1308	821	825	like	1308-subjective26	positive	related
aspect	1308	840	854	remove the bag	1308-aspect27	unknown	related
aspect	1308	870	875	trash	1308-aspect28	unknown	related
aspect	1308	890	893	bag	1308-aspect29	unknown	related
aspect	1308	929	933	dust	1308-aspect30	unknown	related
aspect	1308	955	961	2 cats	1308-aspect31	unknown	related
aspect	1308	965	969	hair	1308-aspect32	unknown	related
aspect	1308	997	1000	vac	1308-aspect33	unknown	related
subjective	1308	1001	1016	picks it all up	1308-subjective34	positive	related
subjective	1308	1028	1032	well	1308-subjective35	positive	related
aspect	1308	1021	1027	darned	1308-aspect36	unknown	related
aspect	1308	1039	1046	pet-paw	1308-aspect37	unknown	related
aspect	1308	1057	1087	suction-powered rotating blade	1308-aspect38	unknown	related
subjective	1308	1095	1104	great job	1308-subjective39	positive	related
aspect	1308	1108	1118	upholstery	1308-aspect40	unknown	related
subjective	1308	1125	1138	only negative	1308-subjective41	negative	related
subjective	1308	1161	1166	awful	1308-subjective42	negative	related
aspect	1308	1167	1186	upholstery "brush."	1308-aspect43	unknown	related
aspect	1308	1199	1204	brush	1308-aspect44	unknown	related
aspect	1308	1215	1227	rubber blade	1308-aspect45	unknown	related
aspect	1308	1298	1317	old-fashioned brush	1308-aspect46	unknown	foreign
aspect	1308	1325	1338	discarded vac	1308-aspect47	unknown	foreign
aspect	1308	1365	1374	hose wand	1308-aspect48	unknown	related
subjective	1308	1353	1384	fits on the hose wand just fine	1308-subjective49	positive	related
subjective	1308	1390	1413	get much better results	1308-subjective50	negative	related
subjective	1308	1432	1450	very small quibble	1308-subjective51	neutral	related
subjective	1308	1458	1463	solid	1308-subjective52	positive	related
subjective	1308	1465	1476	workmanlike	1308-subjective53	positive	related
aspect	1308	1477	1483	vacuum	1308-aspect54	unknown	related
subjective	1308	1488	1508	can hardly do better	1308-subjective55	positive	related
aspect	1308	1519	1522	one	1308-aspect56	unknown	related
subjective	1309	3	7	Love	1309-subjective0	positive	related
aspect	1309	13	19	Vacuum	1309-aspect1	unknown	related
subjective	1309	137	148	best option	1309-subjective2	positive	related
aspect	1309	181	193	attachements	1309-aspect3	unknown	related
aspect	1309	194	198	work	1309-aspect4	unknown	related
subjective	1309	199	204	great	1309-subjective5	positive	related
subjective	1309	216	220	easy	1309-subjective6	positive	related
aspect	1309	224	229	empty	1309-aspect7	unknown	related
aspect	1309	234	239	clean	1309-aspect8	unknown	related
subjective	1309	241	246	Great	1309-subjective9	positive	related
aspect	1309	247	260	suction power	1309-aspect10	unknown	related
aspect	1309	278	280	$$	1309-aspect11	unknown	related
aspect	1309	292	312	auto retracting cord	1309-aspect12	unknown	related
aspect	1309	323	328	model	1309-aspect13	unknown	related
aspect	1309	352	358	closet	1309-aspect14	unknown	related
subjective	1309	359	379	seem so much cleaner	1309-subjective15	positive	related
subjective	1309	388	397	reccomend	1309-subjective16	positive	related
aspect	1309	403	410	product	1309-aspect17	unknown	related
subjective	1309	104	113	less than	1309-subjective18	positive	related
aspect	1309	114	118	$120	1309-aspect19	unknown	related
aspect	1310	0	10	UH30010com	1310-aspect0	unknown	related
aspect	1310	24	40	deep pile carpet	1310-aspect1	unknown	related
aspect	1310	46	52	vacuum	1310-aspect2	unknown	related
subjective	1310	53	66	will not work	1310-subjective3	negative	related
aspect	1310	84	90	vacuum	1310-aspect4	unknown	related
subjective	1310	105	112	shocked	1310-subjective5	negative	related
subjective	1310	116	130	not being able	1310-subjective6	negative	related
aspect	1310	142	156	vacuum cleaner	1310-aspect7	unknown	related
aspect	1310	160	179	deep pile carpeting	1310-aspect8	unknown	related
aspect	1310	195	202	grooves	1310-aspect9	unknown	related
aspect	1310	206	212	carpet	1310-aspect10	unknown	related
subjective	1310	215	232	Very disappointed	1310-subjective11	negative	related
aspect	1310	243	249	vacuum	1310-aspect12	unknown	related
subjective	1311	1	10	VERY GOOD	1311-subjective0	positive	related
aspect	1311	12	18	Vacuum	1311-aspect1	unknown	related
subjective	1311	25	29	GOOD	1311-subjective2	positive	related
aspect	1311	31	43	Vacuum price	1311-aspect3	unknown	related
aspect	1311	248	261	4 years later	1311-aspect4	unknown	related
aspect	1311	279	282	vac	1311-aspect5	unknown	foreign
aspect	1311	302	309	vacuums	1311-aspect6	unknown	related
subjective	1311	371	406	costing more than I wanted to spend	1311-subjective7	negative	related
aspect	1311	418	424	vacuum	1311-aspect8	unknown	related
subjective	1311	412	416	GOOD	1311-subjective9	positive	related
aspect	1311	438	444	2 cats	1311-aspect10	unknown	related
aspect	1311	585	608	"Hoover Rewind" vacuums	1311-aspect11	unknown	foreign
aspect	1311	737	747	Amazon.com	1311-aspect12	unknown	related
aspect	1311	825	831	priced	1311-aspect13	unknown	related
subjective	1311	832	837	right	1311-subjective14	positive	related
aspect	1311	1134	1140	peddle	1311-aspect15	unknown	related
aspect	1311	1164	1180	upright position	1311-aspect16	unknown	related
subjective	1311	1191	1200	surprised	1311-subjective17	positive	related
subjective	1311	1204	1212	how easy	1311-subjective18	positive	related
aspect	1311	1229	1236	manuver	1311-aspect19	unknown	related
aspect	1311	1253	1264	living room	1311-aspect20	unknown	related
subjective	1311	1273	1282	surprised	1311-subjective21	positive	related
subjective	1311	1290	1298	how much	1311-subjective22	positive	related
aspect	1311	1318	1324	carpet	1311-aspect23	unknown	related
subjective	1311	1327	1381	That feeling I had of wasting money, quickly went away	1311-subjective24	positive	related
aspect	1311	1389	1395	vacuum	1311-aspect25	unknown	related
subjective	1311	1416	1425	VERY GOOD	1311-subjective26	positive	related
aspect	1311	1427	1433	vacuum	1311-aspect27	unknown	related
subjective	1311	1438	1442	GOOD	1311-subjective28	positive	related
aspect	1311	1444	1457	vaxcuum price	1311-aspect29	unknown	related
subjective	1311	1480	1494	more expensive	1311-subjective30	positive	related
subjective	1311	1499	1508	EXCELLENT	1311-subjective31	negative	related
aspect	1311	1510	1517	vacuums	1311-aspect32	unknown	foreign
subjective	1311	1594	1603	VERY GOOD	1311-subjective33	positive	related
subjective	1311	1621	1631	LOL :)!!!!	1311-subjective34	positive	related
subjective	1311	1633	1638	Thanx	1311-subjective35	positive	related
aspect	1311	1640	1646	Hoover	1311-aspect36	unknown	related
subjective	1311	1649	1668	Nobody does it like	1311-subjective37	positive	related
aspect	1311	1669	1672	you	1311-aspect38	unknown	related
aspect	1311	345	349	GOOD	1311-aspect39	unknown	related
aspect	1311	624	632	Wal-mart	1311-aspect40	unknown	foreign
subjective	1311	645	676	still priced a little more than	1311-subjective41	positive	related
aspect	1311	617	620	one	1311-aspect42	unknown	foreign
subjective	1311	990	999	difficult	1311-subjective43	negative	related
aspect	1311	1003	1010	manuver	1311-aspect44	unknown	related
subjective	1311	1041	1074	don't tell me I just wasted money	1311-subjective45	negative	related
aspect	1312	4	9	motor	1312-aspect0	unknown	related
subjective	1312	10	28	broke in less than	1312-subjective1	negative	related
aspect	1312	29	38	two weeks	1312-aspect2	unknown	related
aspect	1312	77	82	motor	1312-aspect3	unknown	related
subjective	1312	83	95	start fuming	1312-subjective4	negative	related
aspect	1312	112	119	filters	1312-aspect5	unknown	related
subjective	1312	130	147	could smell fumes	1312-subjective6	negative	related
subjective	1312	152	160	returned	1312-subjective7	negative	related
aspect	1312	165	172	product	1312-aspect8	unknown	related
subjective	1313	0	4	Best	1313-subjective0	positive	related
aspect	1313	5	19	"stick" vacuum	1313-aspect1	unknown	related
aspect	1313	41	47	vacuum	1313-aspect2	unknown	related
aspect	1313	84	100	original battery	1313-aspect3	unknown	related
subjective	1313	103	121	still going strong	1313-subjective4	positive	related
aspect	1313	128	135	battery	1313-aspect5	unknown	related
subjective	1313	141	150	only last	1313-subjective6	negative	related
aspect	1313	157	167	15 minutes	1313-aspect7	unknown	related
aspect	1313	210	226	1700 sq ft house	1313-aspect8	unknown	related
aspect	1313	280	287	battery	1313-aspect9	unknown	foreign
subjective	1313	289	306	less than $50 now	1313-subjective10	positive	related
aspect	1313	327	331	kids	1313-aspect11	unknown	related
subjective	1313	332	336	love	1313-subjective12	positive	related
aspect	1313	357	360	vac	1313-aspect13	unknown	related
subjective	1313	402	414	light-weight	1313-subjective14	positive	related
subjective	1313	419	423	easy	1313-subjective15	positive	related
aspect	1313	427	435	maneuver	1313-aspect16	unknown	related
subjective	1313	441	457	highly recommend	1313-subjective17	positive	related
aspect	1313	463	469	vacuum	1313-aspect18	unknown	related
aspect	1313	481	496	extra batteries	1313-aspect19	unknown	related
aspect	1314	24	31	vacuums	1314-aspect0	unknown	foreign
aspect	1314	43	47	this	1314-aspect1	unknown	related
subjective	1314	55	59	best	1314-subjective2	positive	related
aspect	1314	225	230	feels	1314-aspect3	unknown	related
subjective	1314	232	243	better than	1314-subjective4	positive	related
aspect	1314	244	250	others	1314-aspect5	unknown	foreign
aspect	1314	286	290	dirt	1314-aspect6	unknown	related
subjective	1314	300	304	easy	1314-subjective7	positive	related
aspect	1314	308	314	handle	1314-aspect8	unknown	related
subjective	1314	328	340	fairly light	1314-subjective9	positive	related
aspect	1314	341	347	weight	1314-aspect10	unknown	related
aspect	1314	376	391	vacuum cleaners	1314-aspect11	unknown	related
aspect	1314	403	407	hose	1314-aspect12	unknown	related
aspect	1314	408	412	tube	1314-aspect13	unknown	related
subjective	1314	427	431	good	1314-subjective14	positive	related
aspect	1314	432	440	location	1314-aspect15	unknown	related
aspect	1314	457	460	use	1314-aspect16	unknown	related
subjective	1314	449	453	easy	1314-subjective17	positive	related
subjective	1314	475	487	really happy	1314-subjective18	positive	related
aspect	1314	516	522	vacuum	1314-aspect19	unknown	related
subjective	1314	572	582	still love	1314-subjective20	positive	related
subjective	1314	590	605	like it so much	1314-subjective21	positive	related
aspect	1314	622	632	second one	1314-aspect22	unknown	related
aspect	1314	659	664	floor	1314-aspect23	unknown	related
aspect	1314	671	676	house	1314-aspect24	unknown	related
subjective	1314	684	696	fairly light	1314-subjective25	positive	related
aspect	1314	697	703	weight	1314-aspect26	unknown	related
aspect	1314	713	716	use	1314-aspect27	unknown	related
aspect	1314	726	731	clean	1314-aspect28	unknown	related
subjective	1314	705	709	easy	1314-subjective29	positive	related
subjective	1314	718	722	easy	1314-subjective30	positive	related
aspect	1314	736	740	dirt	1314-aspect31	unknown	related
aspect	1314	758	775	replacement parts	1314-aspect32	unknown	related
aspect	1314	777	782	belts	1314-aspect33	unknown	related
aspect	1314	786	790	bags	1314-aspect34	unknown	related
aspect	1314	800	804	hose	1314-aspect35	unknown	related
aspect	1314	816	819	use	1314-aspect36	unknown	related
subjective	1314	808	812	easy	1314-subjective37	positive	related
subjective	1314	844	848	Love	1314-subjective38	positive	related
aspect	1314	854	861	product	1314-aspect39	unknown	related
aspect	1314	898	904	office	1314-aspect40	unknown	related
aspect	1314	942	947	works	1314-aspect41	unknown	related
subjective	1314	948	953	great	1314-subjective42	positive	related
aspect	1314	992	1014	entire office building	1314-aspect43	unknown	related
subjective	1314	203	218	so far, so good	1314-subjective44	positive	related
subjective	1314	130	138	horrible	1314-subjective45	positive	related
aspect	1314	69	85	brand new vacuum	1314-aspect46	unknown	foreign
aspect	1314	493	495	it	1314-aspect47	unknown	related
subjective	1315	0	4	best	1315-subjective0	positive	related
aspect	1315	5	26	cordless stick vacuum	1315-aspect1	unknown	related
subjective	1315	32	50	absolutly the best	1315-subjective2	positive	related
aspect	1315	51	66	cordless vacuum	1315-aspect3	unknown	related
subjective	1315	81	86	light	1315-subjective4	positive	related
aspect	1315	87	93	weight	1315-aspect5	unknown	related
aspect	1315	102	105	use	1315-aspect6	unknown	related
subjective	1315	94	98	easy	1315-subjective7	positive	related
aspect	1315	129	141	running time	1315-aspect8	unknown	related
subjective	1315	124	128	long	1315-subjective9	positive	related
subjective	1315	151	155	full	1315-subjective10	positive	related
aspect	1315	156	161	power	1315-aspect11	unknown	related
subjective	1315	214	223	very good	1315-subjective12	positive	related
aspect	1315	224	232	suctsion	1315-aspect13	unknown	related
aspect	1315	245	263	2 different prices	1315-aspect14	unknown	related
aspect	1315	273	279	vacuum	1315-aspect15	unknown	related
aspect	1315	294	306	model number	1315-aspect16	unknown	related
aspect	1315	314	328	look indenical	1315-aspect17	unknown	related
aspect	1315	342	355	second vacuum	1315-aspect18	unknown	related
subjective	1315	435	442	cheaper	1315-subjective19	positive	related
aspect	1315	443	446	one	1315-aspect20	unknown	related
subjective	1315	447	458	saved about	1315-subjective21	positive	related
aspect	1315	459	470	$45 dollars	1315-aspect22	unknown	related
aspect	1315	538	543	model	1315-aspect23	unknown	related
aspect	1315	585	591	vacuum	1315-aspect24	unknown	related
aspect	1315	606	621	recondishen one	1315-aspect25	unknown	related
aspect	1315	644	647	$80	1315-aspect26	unknown	related
aspect	1315	668	685	small hand vacuum	1315-aspect27	unknown	related
aspect	1315	700	703	one	1315-aspect28	unknown	related
subjective	1315	690	713	like that one very much	1315-subjective29	positive	related
subjective	1316	0	41	I'm like a 5 year old with a new fave toy	1316-subjective0	positive	related
subjective	1316	44	49	Great	1316-subjective1	positive	related
aspect	1316	50	63	little vacuum	1316-aspect2	unknown	related
subjective	1316	65	75	super long	1316-subjective3	positive	related
aspect	1316	76	86	20ft cable	1316-aspect4	unknown	related
aspect	1316	99	106	wrapped	1316-aspect5	unknown	related
subjective	1316	107	113	easily	1316-subjective6	positive	related
subjective	1316	115	126	very simple	1316-subjective7	positive	related
aspect	1316	127	135	features	1316-aspect8	unknown	related
aspect	1316	197	210	suction power	1316-aspect9	unknown	related
subjective	1316	192	196	huge	1316-subjective10	positive	related
subjective	1316	212	225	easy cleaning	1316-subjective11	positive	related
aspect	1316	229	235	filter	1316-aspect12	unknown	related
aspect	1316	252	257	color	1316-aspect13	unknown	related
subjective	1316	237	251	modern looking	1316-subjective14	positive	related
subjective	1316	271	278	awesome	1316-subjective15	positive	related
subjective	1316	284	293	small con	1316-subjective16	negative	related
aspect	1316	301	305	hose	1316-aspect17	unknown	related
subjective	1316	309	320	quite short	1316-subjective18	negative	related
subjective	1316	363	367	love	1316-subjective19	positive	related
subjective	1316	375	377	:)	1316-subjective20	positive	related
aspect	1316	368	370	it	1316-aspect21	unknown	related
subjective	1317	21	24	big	1317-subjective0	positive	related
aspect	1317	25	30	power	1317-aspect1	unknown	related
aspect	1317	2	15	little vacuum	1317-aspect2	unknown	related
subjective	1317	42	47	great	1317-subjective3	positive	related
aspect	1317	48	69	little vacuum cleaner	1317-aspect4	unknown	related
aspect	1317	90	105	hardwood floors	1317-aspect5	unknown	related
aspect	1317	117	138	several Shark vacuums	1317-aspect6	unknown	foreign
aspect	1317	212	216	rugs	1317-aspect7	unknown	related
subjective	1317	242	257	better job than	1317-subjective8	positive	related
aspect	1317	261	269	Oreck XL	1317-aspect9	unknown	foreign
subjective	1317	276	281	light	1317-subjective10	positive	related
subjective	1317	293	306	very flexible	1317-subjective11	positive	related
aspect	1317	307	311	head	1317-aspect12	unknown	related
aspect	1317	331	343	tight spaces	1317-aspect13	unknown	related
subjective	1317	344	355	better than	1317-subjective14	positive	related
aspect	1317	359	366	Swiffer	1317-aspect15	unknown	foreign
aspect	1317	387	407	"new appliance" odor	1317-aspect16	unknown	related
aspect	1317	447	457	dissipates	1317-aspect17	unknown	related
subjective	1317	458	465	quickly	1317-subjective18	positive	related
subjective	1317	550	555	great	1317-subjective19	positive	related
aspect	1317	556	560	item	1317-aspect20	unknown	related
subjective	1317	593	626	probably would not have bought it	1317-subjective21	negative	related
aspect	1317	642	647	color	1317-aspect22	unknown	related
aspect	1317	649	657	wine red	1317-aspect23	unknown	related
aspect	1317	675	705	blue or silver or beige things	1317-aspect24	unknown	foreign
subjective	1317	707	748	How foolish I would have been to miss out	1317-subjective25	positive	related
subjective	1317	759	768	wonderful	1317-subjective26	positive	related
aspect	1317	769	777	purchase	1317-aspect27	unknown	related
aspect	1317	797	803	Amazon	1317-aspect28	unknown	related
subjective	1317	809	818	excellent	1317-subjective29	positive	related
aspect	1317	819	826	service	1317-aspect30	unknown	related
aspect	1317	831	836	price	1317-aspect31	unknown	related
subjective	1317	779	788	Thank you	1317-subjective32	positive	related
subjective	1318	0	12	Doesn't work	1318-subjective0	negative	related
subjective	1318	15	24	don't buy	1318-subjective1	negative	related
subjective	1318	35	77	highly recommend ...why I now have no idea	1318-subjective2	negative	related
aspect	1318	105	108	box	1318-aspect3	unknown	related
subjective	1318	116	123	hard to	1318-subjective4	negative	related
aspect	1318	124	136	put together	1318-aspect5	unknown	related
subjective	1318	157	163	didn't	1318-subjective6	negative	related
aspect	1318	175	180	floor	1318-aspect7	unknown	related
subjective	1318	181	195	looks the same	1318-subjective8	negative	related
subjective	1318	199	230	no idea why this is recommended	1318-subjective9	negative	related
subjective	1318	235	250	save your money	1318-subjective10	negative	related
subjective	1318	255	267	don't get it	1318-subjective11	negative	related
aspect	1318	164	168	work	1318-aspect12	unknown	related
aspect	1319	0	9	Batteries	1319-aspect0	unknown	related
subjective	1319	14	19	great	1319-subjective1	positive	related
aspect	1319	25	50	charge on these batteries	1319-aspect2	unknown	related
subjective	1319	54	58	good	1319-subjective3	positive	related
subjective	1319	63	90	picks up pet hair very well	1319-subjective4	positive	related
aspect	1319	72	80	pet hair	1319-aspect5	unknown	related
subjective	1319	96	107	not so well	1319-subjective6	negative	related
aspect	1319	108	139	anything much heavier than that	1319-aspect7	unknown	related
subjective	1320	0	10	Well Worth	1320-subjective0	positive	related
aspect	1320	15	20	Money	1320-aspect1	unknown	related
aspect	1320	47	53	vacuum	1320-aspect2	unknown	related
aspect	1320	67	78	bagless one	1320-aspect3	unknown	foreign
aspect	1320	111	126	different brand	1320-aspect4	unknown	foreign
aspect	1320	232	238	Hoover	1320-aspect5	unknown	related
subjective	1320	246	266	always had good luck	1320-subjective6	positive	related
aspect	1320	277	282	brand	1320-aspect7	unknown	related
aspect	1320	319	325	vacuum	1320-aspect8	unknown	related
subjective	1320	330	339	excellent	1320-subjective9	positive	related
aspect	1320	340	353	suction power	1320-aspect10	unknown	related
aspect	1320	404	425	self-propelled vacuum	1320-aspect11	unknown	foreign
subjective	1320	440	445	noisy	1320-subjective12	negative	related
aspect	1320	452	465	on/off switch	1320-aspect13	unknown	related
subjective	1320	477	507	lower down than I would prefer	1320-subjective14	negative	related
aspect	1320	552	558	handle	1320-aspect15	unknown	related
subjective	1320	568	592	would be more accessible	1320-subjective16	negative	related
aspect	1320	651	655	cord	1320-aspect17	unknown	related
aspect	1320	674	680	vacuum	1320-aspect18	unknown	related
subjective	1320	688	696	very low	1320-subjective19	negative	related
aspect	1320	712	718	ground	1320-aspect20	unknown	related
aspect	1320	753	765	roll-up hook	1320-aspect21	unknown	related
aspect	1320	889	895	vacuum	1320-aspect22	unknown	related
subjective	1320	910	918	job well	1320-subjective23	positive	related
subjective	1320	924	976	I'm sure it will continue to for a long time to come	1320-subjective24	positive	related
subjective	1320	848	865	get a lot of bang	1320-subjective25	positive	related
aspect	1320	874	878	buck	1320-aspect26	unknown	related
aspect	1320	428	430	It	1320-aspect27	unknown	related
aspect	1321	0	15	Hoover Stem Vac	1321-aspect0	unknown	related
aspect	1321	20	66	Hoover StemVac Carpet Cleaner with Clean Surge	1321-aspect1	unknown	related
subjective	1321	75	82	quickly	1321-subjective2	positive	related
aspect	1321	215	245	Hoover Stem Vac Carpet cleaner	1321-aspect3	unknown	related
subjective	1321	246	253	quickly	1321-subjective4	positive	related
aspect	1321	254	261	cleaned	1321-aspect5	unknown	related
aspect	1321	269	276	carpets	1321-aspect6	unknown	related
subjective	1321	291	301	get rid of	1321-subjective7	positive	related
aspect	1321	302	307	odors	1321-aspect8	unknown	related
aspect	1321	390	393	vac	1321-aspect9	unknown	related
aspect	1321	67	74	arrived	1321-aspect10	unknown	related
subjective	1321	84	98	Thank goodness	1321-subjective11	positive	related
subjective	1321	370	377	so glad	1321-subjective12	positive	related
subjective	1322	0	6	amazed	1322-subjective0	positive	related
aspect	1322	17	24	filters	1322-aspect1	unknown	related
aspect	1322	74	80	filter	1322-aspect2	unknown	related
aspect	1322	107	113	2 dogs	1322-aspect3	unknown	related
aspect	1322	229	235	carpet	1322-aspect4	unknown	related
aspect	1322	256	271	large fur tufts	1322-aspect5	unknown	related
aspect	1322	292	297	clogs	1322-aspect6	unknown	related
aspect	1322	306	309	vac	1322-aspect7	unknown	related
subjective	1322	315	326	inefficient	1322-subjective8	positive	related
subjective	1322	327	337	overpriced	1322-subjective9	positive	related
aspect	1322	338	343	vac's	1322-aspect10	unknown	foreign
aspect	1322	369	372	vac	1322-aspect11	unknown	related
aspect	1322	457	462	motor	1322-aspect12	unknown	related
subjective	1322	463	473	burned out	1322-subjective13	negative	related
aspect	1322	484	488	clog	1322-aspect14	unknown	related
aspect	1322	496	500	line	1322-aspect15	unknown	related
aspect	1322	616	621	Clogs	1322-aspect16	unknown	related
subjective	1322	814	824	very sorry	1322-subjective17	positive	related
aspect	1322	866	874	same vac	1322-aspect18	unknown	related
subjective	1322	843	861	will be purchasing	1322-subjective19	positive	related
subjective	1322	897	902	worth	1322-subjective20	positive	related
aspect	1322	907	910	$45	1322-aspect21	unknown	related
aspect	1322	952	960	pet hair	1322-aspect22	unknown	related
subjective	1322	937	948	amazing job	1322-subjective23	positive	related
aspect	1322	966	972	crumbs	1322-aspect24	unknown	related
subjective	1322	986	991	noisy	1322-subjective25	negative	related
subjective	1322	1141	1146	great	1322-subjective26	positive	related
aspect	1322	1123	1136	onboard tools	1322-aspect27	unknown	related
subjective	1322	1155	1165	goes under	1322-subjective28	positive	related
aspect	1322	1173	1181	anything	1322-aspect29	unknown	related
aspect	1322	1197	1217	pretty narrow spaces	1322-aspect30	unknown	related
subjective	1322	1187	1196	fits into	1322-subjective31	positive	related
aspect	1322	1229	1252	doesnt have a huge head	1322-aspect32	unknown	related
aspect	1322	1273	1278	clean	1322-aspect33	unknown	related
subjective	1322	1282	1288	easily	1322-subjective34	positive	related
aspect	1322	1311	1320	container	1322-aspect35	unknown	related
aspect	1322	1347	1353	filter	1322-aspect36	unknown	related
subjective	1322	1412	1417	small	1322-subjective37	positive	related
subjective	1322	1422	1429	compact	1322-subjective38	positive	related
subjective	1322	1434	1438	easy	1322-subjective39	positive	related
aspect	1322	1442	1447	store	1322-aspect40	unknown	related
subjective	1322	49	65	wont have to buy	1322-subjective41	positive	related
aspect	1322	682	686	head	1322-aspect42	unknown	related
aspect	1322	690	707	bagless container	1322-aspect43	unknown	related
aspect	1322	656	666	great line	1322-aspect44	unknown	related
aspect	1322	713	717	clog	1322-aspect45	unknown	related
aspect	1322	740	751	small stick	1322-aspect46	unknown	related
aspect	1322	785	797	hair to ball	1322-aspect47	unknown	related
aspect	1322	802	806	clog	1322-aspect48	unknown	related
aspect	1322	1385	1389	line	1322-aspect49	unknown	related
aspect	1322	1398	1403	clogs	1322-aspect50	unknown	related
subjective	1323	0	4	Best	1323-subjective0	positive	related
aspect	1323	5	16	Dust Buster	1323-aspect1	unknown	related
subjective	1323	36	48	don't expect	1323-subjective2	negative	related
aspect	1323	51	57	vacuum	1323-aspect3	unknown	related
aspect	1323	72	79	product	1323-aspect4	unknown	related
aspect	1323	116	121	house	1323-aspect5	unknown	related
aspect	1323	160	165	broom	1323-aspect6	unknown	foreign
aspect	1323	209	234	full sized vacuum cleaner	1323-aspect7	unknown	foreign
aspect	1323	269	283	couch cushions	1323-aspect8	unknown	related
aspect	1323	292	295	car	1323-aspect9	unknown	related
aspect	1323	304	320	back of a closet	1323-aspect10	unknown	related
aspect	1323	330	335	works	1323-aspect11	unknown	related
subjective	1323	336	341	great	1323-subjective12	positive	related
aspect	1323	369	390	little flip out brush	1323-aspect13	unknown	related
aspect	1323	395	423	pull out extended reach tube	1323-aspect14	unknown	related
subjective	1323	428	449	very well thought out	1323-subjective15	positive	related
aspect	1323	461	475	control button	1323-aspect16	unknown	related
aspect	1323	481	498	release mechanism	1323-aspect17	unknown	related
aspect	1323	512	520	canister	1323-aspect18	unknown	related
aspect	1323	530	546	mounting bracket	1323-aspect19	unknown	related
aspect	1323	552	557	motor	1323-aspect20	unknown	related
subjective	1323	561	569	powerful	1323-subjective21	positive	related
subjective	1323	581	589	good job	1323-subjective22	positive	related
aspect	1323	593	610	picking up things	1323-aspect23	unknown	related
aspect	1323	623	633	metal nuts	1323-aspect24	unknown	related
aspect	1323	671	678	machine	1323-aspect25	unknown	related
subjective	1323	682	687	light	1323-subjective26	positive	related
subjective	1323	689	693	easy	1323-subjective27	positive	related
aspect	1323	697	700	use	1323-aspect28	unknown	related
subjective	1323	706	720	out of the way	1323-subjective29	positive	related
aspect	1323	726	732	stored	1323-aspect30	unknown	related
aspect	1323	740	750	wall mount	1323-aspect31	unknown	related
subjective	1323	759	771	don't expect	1323-subjective32	negative	related
aspect	1323	774	790	miniature vacuum	1323-aspect33	unknown	related
aspect	1323	795	800	brush	1323-aspect34	unknown	related
aspect	1323	808	813	front	1323-aspect35	unknown	related
subjective	1323	817	827	innovative	1323-subjective36	positive	related
subjective	1323	842	850	no means	1323-subjective37	negative	related
aspect	1323	853	883	replacement for a rotary brush	1323-aspect38	unknown	foreign
aspect	1323	905	916	dust buster	1323-aspect39	unknown	related
aspect	1323	947	953	carpet	1323-aspect40	unknown	related
aspect	1323	1005	1019	deep down dirt	1323-aspect41	unknown	related
aspect	1323	1036	1051	college student	1323-aspect42	unknown	related
aspect	1323	1075	1090	small apartment	1323-aspect43	unknown	related
aspect	1323	1149	1155	floors	1323-aspect44	unknown	related
aspect	1323	1201	1213	rotary brush	1323-aspect45	unknown	foreign
subjective	1323	1222	1236	end up happier	1323-subjective46	negative	related
subjective	1323	1299	1338	still going to rate the product 5 stars	1323-subjective47	positive	related
aspect	1323	1323	1330	product	1323-aspect48	unknown	related
aspect	1323	1360	1371	dust buster	1323-aspect49	unknown	related
subjective	1323	1355	1359	best	1323-subjective50	positive	related
subjective	1323	1405	1414	perfectly	1323-subjective51	positive	related
aspect	1323	1396	1404	designed	1323-aspect52	unknown	related
aspect	1323	1475	1491	purchase another	1323-aspect53	unknown	related
subjective	1323	1462	1474	would likely	1323-subjective54	positive	related
subjective	1323	1513	1522	recommend	1323-subjective55	positive	related
aspect	1323	1528	1533	model	1323-aspect56	unknown	related
aspect	1323	92	104	small messes	1323-aspect57	unknown	related
subjective	1323	235	255	wasn't going to work	1323-subjective58	positive	related
subjective	1323	134	153	weren't well suited	1323-subjective59	positive	related
aspect	1323	930	936	crumbs	1323-aspect60	unknown	related
subjective	1323	1163	1177	look elsewhere	1323-subjective61	negative	related
subjective	1323	1179	1193	Find something	1323-subjective62	negative	related
subjective	1323	1237	1262	even if it runs you a few	1323-subjective63	negative	related
aspect	1323	1263	1276	extra dollars	1323-aspect64	unknown	foreign
subjective	1324	0	5	sucks	1324-subjective0	negative	related
subjective	1324	6	23	Very disappointed	1324-subjective1	negative	related
aspect	1324	35	41	vacuum	1324-aspect2	unknown	related
aspect	1324	80	85	wheel	1324-aspect3	unknown	related
subjective	1324	89	95	broken	1324-subjective4	negative	related
aspect	1324	113	140	one month window of returns	1324-aspect5	unknown	related
subjective	1324	168	186	without being paid	1324-subjective6	negative	related
aspect	1324	191	199	shipping	1324-aspect7	unknown	related
aspect	1324	216	230	partial refund	1324-aspect8	unknown	related
subjective	1324	233	238	C'mon	1324-subjective9	negative	related
subjective	1325	0	5	great	1325-subjective0	positive	related
subjective	1325	24	43	better "mouse trap"	1325-subjective1	positive	related
subjective	1325	48	53	quick	1325-subjective2	positive	related
aspect	1325	54	63	clean-ups	1325-aspect3	unknown	related
aspect	1325	68	86	no cumbersome cord	1325-aspect4	unknown	related
aspect	1325	93	107	rotating brush	1325-aspect5	unknown	related
subjective	1325	108	128	makes the difference	1325-subjective6	positive	related
subjective	1325	147	154	suction	1325-subjective7	positive	related
aspect	1325	133	146	pretty strong	1325-aspect8	unknown	related
aspect	1325	156	172	removable handle	1325-aspect9	unknown	related
subjective	1325	173	178	great	1325-subjective10	positive	related
aspect	1325	183	189	stairs	1325-aspect11	unknown	related
aspect	1325	194	202	cushions	1325-aspect12	unknown	related
aspect	1325	204	217	Two batteries	1325-aspect13	unknown	related
subjective	1325	220	224	plus	1325-subjective14	positive	related
aspect	1325	237	240	2nd	1325-aspect15	unknown	related
aspect	1325	246	252	former	1325-aspect16	unknown	related
subjective	1325	253	269	lasted more than	1325-subjective17	positive	related
aspect	1325	272	277	years	1325-aspect18	unknown	related
aspect	1325	285	294	batteries	1325-aspect19	unknown	related
aspect	1325	308	314	handle	1325-aspect20	unknown	related
subjective	1325	315	320	broke	1325-subjective21	negative	related
subjective	1325	323	328	Great	1325-subjective22	positive	related
aspect	1325	329	336	machine	1325-aspect23	unknown	related
aspect	1325	341	345	deal	1325-aspect24	unknown	related
subjective	1326	0	8	Terrible	1326-subjective0	negative	related
subjective	1326	14	28	absolute waste	1326-subjective1	negative	related
aspect	1326	32	37	money	1326-aspect2	unknown	related
aspect	1326	43	50	vaccuum	1326-aspect3	unknown	related
aspect	1326	73	84	$50 vaccuum	1326-aspect4	unknown	foreign
aspect	1326	92	104	$100 vaccuum	1326-aspect5	unknown	related
aspect	1326	111	124	on/off button	1326-aspect6	unknown	related
subjective	1326	138	144	broken	1326-subjective7	negative	related
subjective	1326	156	170	very difficult	1326-subjective8	negative	related
aspect	1326	174	178	turn	1326-aspect9	unknown	related
aspect	1326	203	210	vaccuum	1326-aspect10	unknown	related
aspect	1326	239	250	attachments	1326-aspect11	unknown	related
aspect	1326	288	295	vaccuum	1326-aspect12	unknown	related
subjective	1326	303	329	does not pick up very much	1326-subjective13	negative	related
aspect	1326	312	319	pick up	1326-aspect14	unknown	related
aspect	1326	337	343	carpet	1326-aspect15	unknown	related
subjective	1326	346	361	Very surprising	1326-subjective16	negative	related
aspect	1326	384	391	reviews	1326-aspect17	unknown	related
aspect	1326	398	416	Hoover Windtunnels	1326-aspect18	unknown	foreign
subjective	1326	51	70	performed more like	1326-subjective19	negative	related
subjective	1326	214	223	very loud	1326-subjective20	negative	related
aspect	1327	0	3	Vac	1327-aspect0	unknown	related
aspect	1327	8	19	small areas	1327-aspect1	unknown	related
subjective	1327	22	26	love	1327-subjective2	positive	related
aspect	1327	27	29	it	1327-aspect3	unknown	related
subjective	1327	32	36	Lite	1327-subjective4	positive	related
subjective	1327	48	54	strong	1327-subjective5	positive	related
aspect	1327	40	43	use	1327-aspect6	unknown	related
aspect	1327	55	60	power	1327-aspect7	unknown	related
aspect	1327	66	77	attachments	1327-aspect8	unknown	related
aspect	1327	78	82	work	1327-aspect9	unknown	related
subjective	1327	83	88	great	1327-subjective10	positive	related
subjective	1327	90	99	Very easy	1327-subjective11	positive	related
aspect	1327	109	117	dust cup	1327-aspect12	unknown	related
subjective	1328	0	9	Wonderful	1328-subjective0	positive	related
aspect	1328	10	16	Vacuum	1328-aspect1	unknown	related
aspect	1328	39	44	Shark	1328-aspect2	unknown	related
aspect	1328	71	83	infomercials	1328-aspect3	unknown	related
subjective	1328	91	109	didn't want to pay	1328-subjective4	negative	related
aspect	1328	116	122	prices	1328-aspect5	unknown	related
aspect	1328	152	158	Amazon	1328-aspect6	unknown	related
aspect	1328	174	178	deal	1328-aspect7	unknown	related
aspect	1328	190	196	vacuum	1328-aspect8	unknown	related
subjective	1328	197	206	very fast	1328-subjective9	positive	related
subjective	1328	243	246	WOW	1328-subjective10	positive	related
aspect	1328	258	266	2 pieces	1328-aspect11	unknown	related
subjective	1328	311	324	can't believe	1328-subjective12	positive	related
subjective	1328	325	333	how well	1328-subjective13	positive	related
aspect	1328	339	344	thing	1328-aspect14	unknown	related
aspect	1328	362	402	(4) long haired 4 legged feline children	1328-aspect15	unknown	related
aspect	1328	433	446	silver carpet	1328-aspect16	unknown	related
aspect	1328	457	461	hair	1328-aspect17	unknown	related
aspect	1328	497	503	vacuum	1328-aspect18	unknown	related
aspect	1328	527	531	hair	1328-aspect19	unknown	related
aspect	1328	509	513	pass	1328-aspect20	unknown	related
subjective	1328	535	539	gone	1328-subjective21	positive	related
aspect	1328	549	558	pet brush	1328-aspect22	unknown	related
aspect	1328	559	564	works	1328-aspect23	unknown	related
subjective	1328	565	584	just as beautifully	1328-subjective24	positive	related
aspect	1328	591	600	furniture	1328-aspect25	unknown	related
subjective	1328	609	614	great	1328-subjective26	positive	related
aspect	1328	615	623	purchase	1328-aspect27	unknown	related
subjective	1329	0	5	Great	1329-subjective0	positive	related
aspect	1329	6	20	Little Machine	1329-aspect1	unknown	related
aspect	1329	40	55	carpeted stairs	1329-aspect2	unknown	related
aspect	1329	95	112	Dyson attachments	1329-aspect3	unknown	foreign
subjective	1329	116	124	unwieldy	1329-subjective4	positive	related
aspect	1329	138	157	cordless dustbuster	1329-aspect5	unknown	foreign
aspect	1329	291	298	suction	1329-aspect6	unknown	related
subjective	1329	299	305	rivals	1329-subjective7	positive	related
aspect	1329	317	322	Dyson	1329-aspect8	unknown	foreign
aspect	1329	334	340	stairs	1329-aspect9	unknown	related
aspect	1329	384	392	dog hair	1329-aspect10	unknown	related
aspect	1329	397	401	dust	1329-aspect11	unknown	related
aspect	1329	413	421	canister	1329-aspect12	unknown	related
aspect	1329	437	446	small dog	1329-aspect13	unknown	related
aspect	1329	489	500	Riser Visor	1329-aspect14	unknown	related
subjective	1329	504	509	great	1329-subjective15	positive	related
aspect	1329	535	541	angles	1329-aspect16	unknown	related
aspect	1329	550	555	stair	1329-aspect17	unknown	related
aspect	1329	565	581	spinning brushes	1329-aspect18	unknown	related
subjective	1329	611	619	best way	1329-subjective19	positive	related
aspect	1329	623	628	clean	1329-aspect20	unknown	related
aspect	1329	639	642	air	1329-aspect21	unknown	related
aspect	1329	663	667	unit	1329-aspect22	unknown	related
subjective	1329	684	695	distraction	1329-subjective23	negative	related
aspect	1329	729	740	20 ft. cord	1329-aspect24	unknown	related
subjective	1329	741	755	reaches easily	1329-subjective25	positive	related
aspect	1329	765	777	nearest plug	1329-aspect26	unknown	related
aspect	1329	785	812	opposite side of the stairs	1329-aspect27	unknown	related
aspect	1329	820	824	unit	1329-aspect28	unknown	related
aspect	1329	831	837	switch	1329-aspect29	unknown	related
aspect	1329	850	862	powerbrushes	1329-aspect30	unknown	related
aspect	1329	898	908	attachment	1329-aspect31	unknown	related
aspect	1329	921	931	attachment	1329-aspect32	unknown	related
subjective	1329	912	955	wish the attachment had a brush for dusting	1329-subjective33	negative	related
subjective	1329	957	975	Not a deal breaker	1329-subjective34	neutral	related
aspect	1329	998	1001	kit	1329-aspect35	unknown	related
aspect	1329	1029	1032	car	1329-aspect36	unknown	related
aspect	1329	1098	1109	dustbunnies	1329-aspect37	unknown	related
aspect	1329	1120	1133	desk/computer	1329-aspect38	unknown	related
subjective	1329	1154	1159	quick	1329-subjective39	positive	related
aspect	1329	1160	1168	clean up	1329-aspect40	unknown	related
aspect	1329	1186	1194	shredder	1329-aspect41	unknown	related
aspect	1329	1205	1210	thing	1329-aspect42	unknown	related
subjective	1329	1219	1223	nice	1329-subjective43	positive	related
aspect	1329	1237	1249	under tables	1329-aspect44	unknown	related
aspect	1329	1254	1259	areas	1329-aspect45	unknown	related
aspect	1329	1299	1310	attachments	1329-aspect46	unknown	related
aspect	1329	1320	1329	furniture	1329-aspect47	unknown	related
aspect	1329	1340	1352	crevice tool	1329-aspect48	unknown	related
aspect	1329	1357	1361	hose	1329-aspect49	unknown	related
subjective	1329	1372	1397	life getting loads easier	1329-subjective50	positive	related
aspect	1329	1406	1411	price	1329-aspect51	unknown	related
subjective	1329	1426	1443	totally been okay	1329-subjective52	neutral	related
aspect	1329	1461	1473	stair vacuum	1329-aspect53	unknown	related
aspect	1329	1546	1550	uses	1329-aspect54	unknown	related
subjective	1329	1566	1578	extra credit	1329-subjective55	positive	related
subjective	1329	158	183	seemed to not do anything	1329-subjective56	positive	related
aspect	1329	1073	1084	home office	1329-aspect57	unknown	related
aspect	1330	5	10	parts	1330-aspect0	unknown	related
subjective	1330	11	15	good	1330-subjective1	positive	related
subjective	1330	28	36	annoying	1330-subjective2	negative	related
aspect	1330	22	27	parts	1330-aspect3	unknown	related
aspect	1330	45	50	price	1330-aspect4	unknown	related
aspect	1330	59	66	product	1330-aspect5	unknown	related
subjective	1330	91	93	ok	1330-subjective6	neutral	related
subjective	1330	107	116	just fine	1330-subjective7	positive	related
aspect	1330	120	126	carpet	1330-aspect8	unknown	related
aspect	1330	143	149	floors	1330-aspect9	unknown	related
subjective	1330	128	139	not so good	1330-subjective10	negative	related
aspect	1330	178	186	location	1330-aspect11	unknown	related
aspect	1330	208	212	cord	1330-aspect12	unknown	related
subjective	1330	218	230	little weird	1330-subjective13	negative	related
aspect	1330	256	261	hoses	1330-aspect14	unknown	related
aspect	1330	284	289	hoses	1330-aspect15	unknown	related
aspect	1330	317	321	hose	1330-aspect16	unknown	related
aspect	1330	340	347	corners	1330-aspect17	unknown	related
subjective	1330	404	409	worth	1330-subjective18	positive	related
aspect	1330	414	419	money	1330-aspect19	unknown	related
subjective	1330	351	371	hurts to take it off	1330-subjective20	negative	related
aspect	1331	0	18	wind tunnel vacuum	1331-aspect0	unknown	related
aspect	1331	41	48	suction	1331-aspect1	unknown	related
subjective	1331	53	58	great	1331-subjective2	positive	related
subjective	1331	68	84	not sucking well	1331-subjective3	negative	related
aspect	1331	72	79	sucking	1331-aspect4	unknown	related
aspect	1331	93	106	extra adapter	1331-aspect5	unknown	related
aspect	1331	120	125	couch	1331-aspect6	unknown	related
aspect	1331	130	136	stairs	1331-aspect7	unknown	related
subjective	1331	140	154	slowly turning	1331-subjective8	negative	related
aspect	1331	165	177	whole vacuum	1331-aspect9	unknown	related
aspect	1331	256	262	vacuum	1331-aspect10	unknown	related
subjective	1331	230	255	Was hoping to find a good	1331-subjective11	negative	related
subjective	1331	266	275	guess not	1331-subjective12	negative	related
aspect	1332	5	10	thing	1332-aspect0	unknown	related
subjective	1332	11	16	SUCKS	1332-subjective1	positive	related
subjective	1332	22	31	and HOW!!	1332-subjective2	positive	related
aspect	1332	59	67	cushions	1332-aspect3	unknown	related
aspect	1332	74	78	boat	1332-aspect4	unknown	related
subjective	1332	79	88	Fantastic	1332-subjective5	positive	related
aspect	1332	101	127	full size (pipe) extension	1332-aspect6	unknown	related
aspect	1332	132	143	floor piece	1332-aspect7	unknown	related
aspect	1332	184	190	floors	1332-aspect8	unknown	related
aspect	1332	198	203	house	1332-aspect9	unknown	related
subjective	1332	214	222	low cost	1332-subjective10	positive	related
aspect	1332	223	248	portable cleaning machine	1332-aspect11	unknown	related
subjective	1332	262	268	amazed	1332-subjective12	positive	related
aspect	1332	298	304	stairs	1332-aspect13	unknown	related
aspect	1332	313	319	STAIRS	1332-aspect14	unknown	related
subjective	1332	308	346	YOUR STAIRS ARE FILTHY..unless you own	1332-subjective15	positive	related
aspect	1332	352	358	vacuum	1332-aspect16	unknown	related
aspect	1332	153	160	upright	1332-aspect17	unknown	related
aspect	1332	276	279	job	1332-aspect18	unknown	related
aspect	1333	18	29	HEPA Vacuum	1333-aspect0	unknown	related
aspect	1333	49	68	HEPA vacuum cleaner	1333-aspect1	unknown	related
aspect	1333	70	88	our earlier Hoover	1333-aspect2	unknown	foreign
subjective	1333	103	114	wearing out	1333-subjective3	positive	related
aspect	1333	125	130	Shark	1333-aspect4	unknown	related
aspect	1333	161	176	earlier vacuums	1333-aspect5	unknown	foreign
aspect	1333	189	195	vacuum	1333-aspect6	unknown	related
aspect	1333	217	225	Designed	1333-aspect7	unknown	related
subjective	1333	291	317	enthusiastically recommend	1333-subjective8	positive	related
aspect	1333	337	344	upright	1333-aspect9	unknown	related
aspect	1333	346	350	dirt	1333-aspect10	unknown	related
aspect	1333	370	383	floor sweeper	1333-aspect11	unknown	related
aspect	1333	405	409	tube	1333-aspect12	unknown	related
aspect	1333	429	443	upright handle	1333-aspect13	unknown	related
aspect	1333	453	456	top	1333-aspect14	unknown	related
aspect	1333	475	488	flexible hose	1333-aspect15	unknown	related
aspect	1333	498	506	canister	1333-aspect16	unknown	related
aspect	1333	513	521	canister	1333-aspect17	unknown	related
aspect	1333	554	562	material	1333-aspect18	unknown	related
aspect	1333	586	594	interior	1333-aspect19	unknown	related
aspect	1333	598	601	air	1333-aspect20	unknown	related
aspect	1333	619	639	central exhaust tube	1333-aspect21	unknown	related
aspect	1333	656	668	thick filter	1333-aspect22	unknown	related
aspect	1333	678	681	fan	1333-aspect23	unknown	related
aspect	1333	699	710	HEPA filter	1333-aspect24	unknown	related
aspect	1333	718	723	front	1333-aspect25	unknown	related
aspect	1333	731	735	unit	1333-aspect26	unknown	related
aspect	1333	929	945	Shark's canister	1333-aspect27	unknown	related
subjective	1333	957	963	simple	1333-subjective28	positive	related
aspect	1333	964	980	wire mesh filter	1333-aspect29	unknown	related
aspect	1333	988	1008	central exhaust tube	1333-aspect30	unknown	related
subjective	1333	1020	1036	nothing to clean	1333-subjective31	positive	related
aspect	1333	1056	1064	canister	1333-aspect32	unknown	related
aspect	1333	1077	1090	whole process	1333-aspect33	unknown	related
subjective	1333	1091	1106	much less messy	1333-subjective34	positive	related
subjective	1333	1111	1124	more pleasant	1333-subjective35	positive	related
aspect	1333	1136	1153	thick foam filter	1333-aspect36	unknown	related
aspect	1333	1172	1177	motor	1333-aspect37	unknown	related
aspect	1333	1255	1266	HEPA filter	1333-aspect38	unknown	related
aspect	1333	1289	1296	filters	1333-aspect39	unknown	related
subjective	1333	1334	1348	welcome change	1333-subjective40	positive	related
aspect	1333	1450	1469	floor sweeper brush	1333-aspect41	unknown	related
aspect	1333	1480	1494	separate motor	1333-aspect42	unknown	related
aspect	1333	1504	1516	vacuum motor	1333-aspect43	unknown	related
aspect	1333	1558	1569	floor brush	1333-aspect44	unknown	related
aspect	1333	1599	1604	brush	1333-aspect45	unknown	related
aspect	1333	1714	1721	brushes	1333-aspect46	unknown	related
aspect	1333	1762	1769	machine	1333-aspect47	unknown	related
subjective	1333	1770	1782	much quieter	1333-subjective48	positive	related
subjective	1333	1787	1799	reduces wear	1333-subjective49	positive	related
aspect	1333	1803	1809	vacuum	1333-aspect50	unknown	related
aspect	1333	1814	1820	carpet	1333-aspect51	unknown	related
aspect	1333	1863	1878	hose attachment	1333-aspect52	unknown	related
subjective	1333	1884	1888	easy	1333-subjective53	positive	related
aspect	1333	1910	1938	canister-hose-motor assembly	1333-aspect54	unknown	related
aspect	1333	1948	1966	floor sweeper base	1333-aspect55	unknown	related
aspect	1333	1983	1998	canister vacuum	1333-aspect56	unknown	related
subjective	1333	2009	2020	really good	1333-subjective57	positive	related
aspect	1333	2043	2049	weight	1333-aspect58	unknown	related
aspect	1333	2081	2093	cleaner unit	1333-aspect59	unknown	related
aspect	1333	2130	2137	cobwebs	1333-aspect60	unknown	related
aspect	1333	2148	2151	bed	1333-aspect61	unknown	related
aspect	1333	2174	2188	extension hose	1333-aspect62	unknown	related
aspect	1333	2210	2214	base	1333-aspect63	unknown	related
subjective	1333	2216	2222	no air	1333-subjective64	positive	related
aspect	1333	2242	2246	base	1333-aspect65	unknown	related
subjective	1333	2254	2273	don't have to worry	1333-subjective66	positive	related
aspect	1333	2298	2304	vacuum	1333-aspect67	unknown	related
aspect	1333	2332	2347	hose attachment	1333-aspect68	unknown	related
subjective	1333	2358	2371	really useful	1333-subjective69	positive	related
aspect	1333	2388	2396	children	1333-aspect70	unknown	related
aspect	1333	2407	2412	Legos	1333-aspect71	unknown	related
subjective	1333	2451	2470	don't have to worry	1333-subjective72	positive	related
aspect	1333	2490	2494	toys	1333-aspect73	unknown	related
aspect	1333	2504	2514	floor unit	1333-aspect74	unknown	related
aspect	1333	2545	2552	cobwebs	1333-aspect75	unknown	related
aspect	1333	2561	2566	walls	1333-aspect76	unknown	related
aspect	1333	2570	2577	ceiling	1333-aspect77	unknown	related
aspect	1333	2587	2591	hose	1333-aspect78	unknown	related
aspect	1333	2616	2627	swivel base	1333-aspect79	unknown	related
subjective	1333	2592	2649	I initially thought the swivel base was a useless gimmick	1333-subjective80	negative	related
subjective	1333	2672	2685	quite helpful	1333-subjective81	positive	related
aspect	1333	2716	2720	wall	1333-aspect82	unknown	related
aspect	1333	2729	2738	furniture	1333-aspect83	unknown	related
aspect	1333	2747	2762	handle/canister	1333-aspect84	unknown	related
aspect	1333	2799	2803	wall	1333-aspect85	unknown	related
aspect	1333	2808	2829	hose brush attachment	1333-aspect86	unknown	related
aspect	1333	2869	2880	intake tube	1333-aspect87	unknown	related
aspect	1333	2913	2918	angle	1333-aspect88	unknown	related
aspect	1333	2926	2931	brush	1333-aspect89	unknown	related
aspect	1333	2952	2956	hose	1333-aspect90	unknown	related
subjective	1333	2964	2976	can be handy	1333-subjective91	positive	related
aspect	1333	3004	3010	blinds	1333-aspect92	unknown	related
aspect	1333	3028	3044	top of furniture	1333-aspect93	unknown	related
subjective	1333	3073	3084	good things	1333-subjective94	positive	related
subjective	1333	3099	3108	very good	1333-subjective95	positive	related
subjective	1333	3121	3131	weaknesses	1333-subjective96	negative	related
subjective	1333	3133	3159	enough to knock off a star	1333-subjective97	negative	related
aspect	1333	3215	3219	hose	1333-aspect98	unknown	related
aspect	1333	3238	3244	NV356E	1333-aspect99	unknown	related
aspect	1333	3258	3274	appliance holder	1333-aspect100	unknown	related
aspect	1333	3294	3308	upright handle	1333-aspect101	unknown	related
aspect	1333	3309	3323	extension hose	1333-aspect102	unknown	related
aspect	1333	3338	3356	short crevice tool	1333-aspect103	unknown	related
aspect	1333	3365	3381	brush attachment	1333-aspect104	unknown	related
aspect	1333	3399	3413	extension hose	1333-aspect105	unknown	related
subjective	1333	3414	3436	very bulky compared to	1333-subjective106	negative	related
aspect	1333	3437	3453	any other vacuum	1333-aspect107	unknown	foreign
aspect	1333	3461	3465	hose	1333-aspect108	unknown	related
subjective	1333	3477	3489	strong smell	1333-subjective109	negative	related
aspect	1333	3493	3504	hot plastic	1333-aspect110	unknown	related
aspect	1333	3514	3520	vacuum	1333-aspect111	unknown	related
aspect	1333	3580	3594	extension hose	1333-aspect112	unknown	related
aspect	1333	3617	3627	short hose	1333-aspect113	unknown	related
aspect	1333	3633	3642	long hose	1333-aspect114	unknown	related
aspect	1333	3712	3723	longer tube	1333-aspect115	unknown	related
aspect	1333	3768	3778	power cord	1333-aspect116	unknown	related
aspect	1333	3787	3797	power cord	1333-aspect117	unknown	related
aspect	1333	3821	3835	tube extension	1333-aspect118	unknown	related
aspect	1333	3843	3856	canister base	1333-aspect119	unknown	related
subjective	1333	3893	3903	complaints	1333-subjective120	negative	related
subjective	1333	3908	3923	quite impressed	1333-subjective121	positive	related
aspect	1333	3934	3948	vacuum cleaner	1333-aspect122	unknown	related
subjective	1333	117	156	Clearly Shark learned from the mistakes	1333-subjective123	positive	related
aspect	1333	2836	2859	swiveling beveled joint	1333-aspect124	unknown	related
subjective	1334	0	4	Best	1334-subjective0	positive	related
aspect	1334	5	14	stick vac	1334-aspect1	unknown	related
aspect	1334	31	46	third stick vac	1334-aspect2	unknown	related
subjective	1334	69	80	best so far	1334-subjective3	positive	related
subjective	1334	90	94	more	1334-subjective4	positive	related
aspect	1334	95	102	suction	1334-aspect5	unknown	related
subjective	1334	107	114	lighter	1334-subjective6	positive	related
subjective	1334	120	133	quieter, than	1334-subjective7	positive	related
aspect	1334	145	164	corded predecessors	1334-aspect8	unknown	foreign
aspect	1334	166	176	Dirt Devil	1334-aspect9	unknown	foreign
subjective	1334	207	211	Plus	1334-subjective10	positive	related
aspect	1334	215	223	cordless	1334-aspect11	unknown	related
aspect	1334	277	285	handheld	1334-aspect12	unknown	related
aspect	1334	290	299	furniture	1334-aspect13	unknown	related
aspect	1334	318	331	battery power	1334-aspect14	unknown	related
subjective	1334	311	317	Enough	1334-subjective15	positive	related
aspect	1334	348	361	large kitchen	1334-aspect16	unknown	related
aspect	1334	363	371	entryway	1334-aspect17	unknown	related
aspect	1334	377	390	two bathrooms	1334-aspect18	unknown	related
subjective	1334	391	427	without any power loss or recharging	1334-subjective19	positive	related
subjective	1334	443	449	keeper	1334-subjective20	positive	related
aspect	1334	225	254	stands upright all on its own	1334-aspect21	unknown	related
aspect	1335	0	15	Hardwood floors	1335-aspect0	unknown	related
aspect	1335	18	24	5 cats	1335-aspect1	unknown	related
aspect	1335	88	98	4 vacuum's	1335-aspect2	unknown	foreign
aspect	1335	113	121	hardwood	1335-aspect3	unknown	related
aspect	1335	122	128	carpet	1335-aspect4	unknown	related
aspect	1335	129	139	upholstery	1335-aspect5	unknown	related
aspect	1335	159	166	closets	1335-aspect6	unknown	related
aspect	1335	174	179	thing	1335-aspect7	unknown	related
subjective	1335	180	189	fits into	1335-subjective8	positive	related
aspect	1335	194	200	corner	1335-aspect9	unknown	related
aspect	1335	215	222	closets	1335-aspect10	unknown	related
aspect	1335	224	237	Filter access	1335-aspect11	unknown	related
subjective	1335	241	251	super easy	1335-subjective12	positive	related
aspect	1335	265	272	filters	1335-aspect13	unknown	related
aspect	1335	274	277	bag	1335-aspect14	unknown	related
aspect	1335	279	291	motor intake	1335-aspect15	unknown	related
aspect	1335	293	306	motor exhaust	1335-aspect16	unknown	related
aspect	1335	308	320	case exhaust	1335-aspect17	unknown	related
aspect	1335	400	412	Rolls around	1335-aspect18	unknown	related
subjective	1335	413	422	very easy	1335-subjective19	positive	related
subjective	1335	444	455	Soooo quiet	1335-subjective20	positive	related
aspect	1335	462	473	max setting	1335-aspect21	unknown	related
subjective	1335	480	513	still not half or a third as loud	1335-subjective22	positive	related
aspect	1335	527	543	previous vacuums	1335-aspect23	unknown	foreign
aspect	1335	610	625	hardwood floors	1335-aspect24	unknown	related
aspect	1335	1140	1144	hose	1335-aspect25	unknown	related
aspect	1335	553	567	lowest setting	1335-aspect26	unknown	related
aspect	1335	596	602	grunge	1335-aspect27	unknown	related
subjective	1335	630	655	doesn't freak my cats out	1335-subjective28	positive	related
aspect	1335	647	651	cats	1335-aspect29	unknown	related
aspect	1335	657	680	Upward pointing exhaust	1335-aspect30	unknown	related
subjective	1335	688	713	MAIN reason I bought this	1335-subjective31	positive	related
aspect	1335	714	719	thing	1335-aspect32	unknown	related
aspect	1335	753	757	pets	1335-aspect33	unknown	related
aspect	1335	759	773	upward exhaust	1335-aspect34	unknown	related
aspect	1335	814	826	dust bunnies	1335-aspect35	unknown	related
aspect	1335	838	843	house	1335-aspect36	unknown	related
aspect	1335	856	860	crap	1335-aspect37	unknown	related
aspect	1335	877	885	pet beds	1335-aspect38	unknown	related
aspect	1335	889	903	pet food bowls	1335-aspect39	unknown	related
aspect	1335	995	1001	angles	1335-aspect40	unknown	related
aspect	1335	1006	1013	vectors	1335-aspect41	unknown	related
aspect	1335	1029	1036	garbage	1335-aspect42	unknown	related
aspect	1335	1065	1069	Hose	1335-aspect43	unknown	related
aspect	1335	1071	1077	handle	1335-aspect44	unknown	related
aspect	1335	1082	1086	head	1335-aspect45	unknown	related
subjective	1335	1091	1101	well built	1335-subjective46	positive	related
subjective	1335	1106	1133	make the job easy and swift	1335-subjective47	positive	related
aspect	1335	1180	1196	hose connections	1335-aspect48	unknown	related
aspect	1335	1197	1203	rotate	1335-aspect49	unknown	related
subjective	1335	1204	1210	easily	1335-subjective50	positive	related
subjective	1335	1218	1232	amazingly well	1335-subjective51	positive	related
aspect	1335	1212	1217	Works	1335-aspect52	unknown	related
aspect	1335	1240	1256	hardwood surface	1335-aspect53	unknown	related
aspect	1335	1267	1291	50yr old hardwood floors	1335-aspect54	unknown	related
aspect	1335	1293	1309	high raised tile	1335-aspect55	unknown	related
aspect	1335	1314	1331	small tile floors	1335-aspect56	unknown	related
subjective	1335	1340	1362	doesn't have a problem	1335-subjective57	positive	related
aspect	1335	1373	1378	thing	1335-aspect58	unknown	related
subjective	1335	1379	1397	just made obsolete	1335-subjective59	positive	related
aspect	1335	1401	1425	entire vacuum collection	1335-aspect60	unknown	foreign
subjective	1335	62	67	SMALL	1335-subjective61	positive	related
subjective	1335	1427	1429	:)	1335-subjective62	positive	related
aspect	1336	5	11	vaccum	1336-aspect0	unknown	related
aspect	1336	162	170	hardwood	1336-aspect1	unknown	related
aspect	1336	175	181	carpet	1336-aspect2	unknown	related
aspect	1336	187	193	3 pets	1336-aspect3	unknown	related
aspect	1336	202	208	vaccum	1336-aspect4	unknown	related
subjective	1336	212	226	wonderful!!!!!	1336-subjective5	positive	related
subjective	1336	12	21	sucks!!!!	1336-subjective6	positive	related
aspect	1336	36	43	package	1336-aspect7	unknown	related
subjective	1337	0	14	Love love love	1337-subjective0	positive	related
aspect	1337	24	27	dog	1337-aspect1	unknown	related
aspect	1337	63	73	white tile	1337-aspect2	unknown	related
aspect	1337	92	101	stick vac	1337-aspect3	unknown	related
subjective	1337	87	91	best	1337-subjective4	positive	related
subjective	1337	115	124	only wish	1337-subjective5	negative	related
aspect	1337	132	140	cordless	1337-aspect6	unknown	foreign
aspect	1337	153	157	cord	1337-aspect7	unknown	related
subjective	1337	163	175	little short	1337-subjective8	negative	related
subjective	1337	181	189	workable	1337-subjective9	neutral	related
aspect	1338	0	5	Clogs	1338-aspect0	unknown	related
subjective	1338	6	12	easily	1338-subjective1	negative	related
subjective	1338	17	32	died completely	1338-subjective2	negative	related
aspect	1338	39	47	8 months	1338-aspect3	unknown	related
aspect	1338	53	59	vacuum	1338-aspect4	unknown	related
subjective	1338	64	83	nothing but trouble	1338-subjective5	negative	related
aspect	1338	123	128	clogs	1338-aspect6	unknown	related
subjective	1338	134	153	very hard to remove	1338-subjective7	negative	related
aspect	1338	173	177	hose	1338-aspect8	unknown	related
aspect	1338	226	231	clogs	1338-aspect9	unknown	related
aspect	1338	293	296	air	1338-aspect10	unknown	related
aspect	1338	327	335	canister	1338-aspect11	unknown	related
aspect	1338	389	393	pets	1338-aspect12	unknown	related
aspect	1338	406	414	children	1338-aspect13	unknown	related
aspect	1338	437	443	vacuum	1338-aspect14	unknown	related
subjective	1338	432	436	nice	1338-subjective15	positive	related
subjective	1338	544	553	huge pain	1338-subjective16	negative	related
subjective	1338	564	576	finally quit	1338-subjective17	negative	related
aspect	1338	577	594	picking things up	1338-aspect18	unknown	related
subjective	1338	635	663	not sure what the problem is	1338-subjective19	negative	related
subjective	1338	674	683	not worth	1338-subjective20	negative	related
subjective	1338	721	731	frustrated	1338-subjective21	negative	related
subjective	1338	758	792	definitely wished we had gone with	1338-subjective22	negative	related
aspect	1338	793	808	another product	1338-aspect23	unknown	foreign
aspect	1338	241	248	fingers	1338-aspect24	unknown	related
aspect	1338	250	256	sticks	1338-aspect25	unknown	related
subjective	1338	607	629	won't suction anything	1338-subjective26	negative	related
aspect	1338	613	620	suction	1338-aspect27	unknown	related
aspect	1339	60	63	vac	1339-aspect0	unknown	related
aspect	1339	77	84	reviews	1339-aspect1	unknown	related
subjective	1339	94	104	glad i did	1339-subjective2	positive	related
aspect	1339	111	114	vac	1339-aspect3	unknown	related
subjective	1339	122	126	best	1339-subjective4	positive	related
aspect	1339	245	252	old vac	1339-aspect5	unknown	foreign
aspect	1339	306	312	hoover	1339-aspect6	unknown	related
subjective	1339	401	413	Truly amazed	1339-subjective7	positive	related
aspect	1339	432	439	carpets	1339-aspect8	unknown	related
subjective	1339	444	450	amazed	1339-subjective9	positive	related
aspect	1339	467	474	carpets	1339-aspect10	unknown	related
aspect	1339	524	530	hoover	1339-aspect11	unknown	related
subjective	1339	574	586	buy this one	1339-subjective12	positive	related
subjective	1339	597	609	buy this one	1339-subjective13	positive	related
subjective	1339	0	18	Should have bought	1339-subjective14	positive	related
aspect	1339	19	23	this	1339-aspect15	unknown	related
aspect	1339	147	150	dog	1339-aspect16	unknown	related
aspect	1339	339	343	room	1339-aspect17	unknown	related
aspect	1339	568	571	pet	1339-aspect18	unknown	related
aspect	1339	588	595	no pets	1339-aspect19	unknown	related
subjective	1340	0	5	Great	1340-subjective0	positive	related
aspect	1340	10	18	Pet Hair	1340-aspect1	unknown	related
aspect	1340	42	57	vacuum cleaners	1340-aspect2	unknown	foreign
aspect	1340	107	114	vacuums	1340-aspect3	unknown	related
aspect	1340	126	149	vacuum collector circle	1340-aspect4	unknown	related
aspect	1340	151	159	Bissells	1340-aspect5	unknown	related
subjective	1340	176	181	cheap	1340-subjective6	negative	related
subjective	1340	183	198	poor performers	1340-subjective7	negative	related
subjective	1340	203	213	disposable	1340-subjective8	negative	related
subjective	1340	233	247	they are wrong	1340-subjective9	positive	related
aspect	1340	323	329	vacuum	1340-aspect10	unknown	related
aspect	1340	378	387	CleanVeiw	1340-aspect11	unknown	related
subjective	1340	477	491	very impressed	1340-subjective12	positive	related
aspect	1340	567	575	Bissells	1340-aspect13	unknown	related
aspect	1340	581	590	Cleanveiw	1340-aspect14	unknown	related
aspect	1340	613	623	brush roll	1340-aspect15	unknown	related
subjective	1340	597	612	very aggressive	1340-subjective16	neutral	related
aspect	1340	655	659	belt	1340-aspect17	unknown	related
aspect	1340	684	690	vacuum	1340-aspect18	unknown	related
aspect	1340	692	700	pet hair	1340-aspect19	unknown	related
subjective	1340	709	719	no problem	1340-subjective20	positive	related
subjective	1340	739	757	surprisingly large	1340-subjective21	positive	related
aspect	1340	768	772	grit	1340-aspect22	unknown	related
subjective	1340	783	795	hard to find	1340-subjective23	positive	related
aspect	1340	804	815	price range	1340-aspect24	unknown	related
aspect	1340	821	829	dirt cup	1340-aspect25	unknown	related
subjective	1340	833	842	very easy	1340-subjective26	positive	related
aspect	1340	846	851	empty	1340-aspect27	unknown	related
aspect	1340	864	874	turbobrush	1340-aspect28	unknown	related
subjective	1340	878	882	best	1340-subjective29	positive	related
aspect	1340	901	912	Attachments	1340-aspect30	unknown	related
aspect	1340	985	997	central vacs	1340-aspect31	unknown	foreign
aspect	1340	999	1005	Hoover	1340-aspect32	unknown	foreign
aspect	1340	1035	1051	Windtunel series	1340-aspect33	unknown	foreign
aspect	1340	1096	1108	vacuum brand	1340-aspect34	unknown	foreign
aspect	1340	1183	1190	Bissell	1340-aspect35	unknown	foreign
subjective	1340	1144	1204	No one has gotten them just right, but Bissell is very close	1340-subjective36	positive	related
aspect	1340	1237	1243	vacuum	1340-aspect37	unknown	related
aspect	1340	1249	1259	filtration	1340-aspect38	unknown	related
subjective	1340	1263	1271	terrible	1340-subjective39	negative	related
subjective	1340	1218	1228	flaw major	1340-subjective40	negative	related
aspect	1340	1273	1280	Bissell	1340-aspect41	unknown	related
aspect	1340	1292	1311	3 pre-motor filters	1340-aspect42	unknown	related
subjective	1340	1322	1339	barely do the job	1340-subjective43	negative	related
aspect	1340	1363	1371	main one	1340-aspect44	unknown	related
subjective	1340	1440	1445	Badly	1340-subjective45	negative	related
aspect	1340	1451	1464	"HEPA" filter	1340-aspect46	unknown	foreign
subjective	1340	1494	1507	already dirty	1340-subjective47	negative	related
subjective	1340	1539	1548	quite bad	1340-subjective48	negative	related
aspect	1340	1613	1622	Cleanveiw	1340-aspect49	unknown	related
subjective	1340	1628	1639	good choice	1340-subjective50	positive	related
aspect	1340	1663	1686	department store vacuum	1340-aspect51	unknown	related
aspect	1340	1687	1697	under $100	1340-aspect52	unknown	related
subjective	1340	1711	1720	way to go	1340-subjective53	positive	related
aspect	1340	223	232	most part	1340-aspect54	unknown	related
aspect	1340	344	351	cleaner	1340-aspect55	unknown	related
aspect	1340	1134	1142	uprights	1340-aspect56	unknown	related
subjective	1340	1346	1387	had to clean the main one 4 times already	1340-subjective57	negative	related
subjective	1341	28	44	one of the worst	1341-subjective0	negative	related
aspect	1341	45	51	things	1341-aspect1	unknown	related
aspect	1341	72	78	Amazon	1341-aspect2	unknown	related
subjective	1341	137	143	wasted	1341-subjective3	negative	related
aspect	1341	144	148	time	1341-aspect4	unknown	related
aspect	1341	153	158	money	1341-aspect5	unknown	related
subjective	1341	0	12	Doesn't hold	1341-subjective6	negative	related
aspect	1341	13	19	charge	1341-aspect7	unknown	related
subjective	1341	105	117	doesn't hold	1341-subjective8	negative	related
aspect	1341	120	126	charge	1341-aspect9	unknown	related
subjective	1342	0	7	Pleased	1342-subjective0	positive	related
aspect	1342	18	25	product	1342-aspect1	unknown	related
aspect	1342	46	53	product	1342-aspect2	unknown	related
subjective	1342	96	108	very pleased	1342-subjective3	positive	related
aspect	1342	119	130	performance	1342-aspect4	unknown	related
subjective	1342	134	161	would like it a bit quieter	1342-subjective5	negative	related
aspect	1342	171	178	suction	1342-aspect6	unknown	related
subjective	1342	182	186	good	1342-subjective7	positive	related
subjective	1342	191	195	love	1342-subjective8	positive	related
aspect	1342	200	222	automatic cord wind up	1342-aspect9	unknown	related
aspect	1343	0	65	Hoover S2220 Flair Bagless Upright Stick Vacuum with Power Nozzle	1343-aspect0	unknown	related
aspect	1343	70	82	Hoover stick	1343-aspect1	unknown	related
aspect	1343	83	88	works	1343-aspect2	unknown	related
subjective	1343	89	98	very well	1343-subjective3	positive	related
subjective	1343	107	115	suficent	1343-subjective4	positive	related
aspect	1343	116	123	suction	1343-aspect5	unknown	related
subjective	1343	140	161	some really tuff jobs	1343-subjective6	positive	related
aspect	1343	167	177	power head	1343-aspect7	unknown	related
subjective	1343	181	187	strong	1343-subjective8	positive	related
aspect	1343	196	213	handle any carpet	1343-aspect9	unknown	related
subjective	1343	252	264	little wierd	1343-subjective10	negative	related
aspect	1343	272	289	head that swivles	1343-aspect11	unknown	related
subjective	1343	299	312	may be easier	1343-subjective12	positive	related
aspect	1343	326	343	certian furniture	1343-aspect13	unknown	related
subjective	1343	349	360	be carefull	1343-subjective14	negative	related
subjective	1343	456	477	could break something	1343-subjective15	negative	related
aspect	1343	529	539	open floor	1343-aspect16	unknown	related
aspect	1343	576	582	filter	1343-aspect17	unknown	related
subjective	1343	588	596	bit hard	1343-subjective18	negative	related
aspect	1343	600	605	clean	1343-aspect19	unknown	related
aspect	1343	370	374	park	1343-aspect20	unknown	related
subjective	1344	0	12	Underpowered	1344-subjective0	negative	related
subjective	1344	36	47	inexpensive	1344-subjective1	positive	related
aspect	1344	48	60	stick vacuum	1344-aspect2	unknown	related
subjective	1344	67	82	still surprised	1344-subjective3	negative	related
subjective	1344	90	94	lack	1344-subjective4	negative	related
aspect	1344	98	111	suction power	1344-aspect5	unknown	related
aspect	1344	130	134	plug	1344-aspect6	unknown	related
aspect	1344	138	143	model	1344-aspect7	unknown	related
aspect	1344	153	167	cordless Oreck	1344-aspect8	unknown	foreign
subjective	1344	205	221	similarly priced	1344-subjective9	negative	related
subjective	1344	226	249	much better at cleaning	1344-subjective10	negative	related
subjective	1344	256	274	can't even pick up	1344-subjective11	negative	related
aspect	1344	285	289	lint	1344-aspect12	unknown	related
subjective	1345	0	4	Love	1345-subjective0	positive	related
subjective	1345	9	13	ease	1345-subjective1	positive	related
aspect	1345	17	20	use	1345-aspect2	unknown	related
subjective	1345	45	59	handiest thing	1345-subjective3	positive	related
aspect	1345	91	97	Crumbs	1345-aspect4	unknown	related
aspect	1345	105	118	kitchen floor	1345-aspect5	unknown	related
aspect	1345	130	134	Linx	1345-aspect6	unknown	related
aspect	1345	137	145	Cat hair	1345-aspect7	unknown	related
aspect	1345	151	155	lint	1345-aspect8	unknown	related
aspect	1345	163	169	carpet	1345-aspect9	unknown	related
aspect	1345	181	193	Linx Cleaner	1345-aspect10	unknown	related
aspect	1345	199	240	Hoover Linx Cordless Stick Vacuum Cleaner	1345-aspect11	unknown	related
subjective	1345	241	267	couldn't be any more handy	1345-subjective12	positive	related
aspect	1345	271	274	use	1345-aspect13	unknown	related
subjective	1345	280	287	so easy	1345-subjective14	positive	related
aspect	1345	291	296	clean	1345-aspect15	unknown	related
aspect	1345	305	313	dirt cup	1345-aspect16	unknown	related
subjective	1345	317	326	sure like	1345-subjective17	positive	related
subjective	1345	331	335	ease	1345-subjective18	positive	related
aspect	1345	339	347	cleaning	1345-aspect19	unknown	related
aspect	1345	350	355	floor	1345-aspect20	unknown	related
aspect	1345	411	424	extra battery	1345-aspect21	unknown	related
aspect	1345	438	445	battery	1345-aspect22	unknown	related
subjective	1345	548	576	can't say enough good things	1345-subjective23	positive	related
aspect	1345	588	602	vacuum cleaner	1345-aspect24	unknown	related
subjective	1345	605	630	everybody should have one	1345-subjective25	positive	related
subjective	1345	121	125	Grab	1345-subjective26	positive	related
subjective	1345	172	176	Grab	1345-subjective27	positive	related
aspect	1345	478	485	charger	1345-aspect28	unknown	related
aspect	1345	503	518	charged battery	1345-aspect29	unknown	related
subjective	1346	0	3	BUY	1346-subjective0	positive	related
aspect	1346	9	15	VACUUM	1346-aspect1	unknown	related
aspect	1346	42	49	reviews	1346-aspect2	unknown	related
aspect	1346	62	68	weight	1346-aspect3	unknown	related
aspect	1346	115	131	handheld vacuums	1346-aspect4	unknown	related
aspect	1346	298	319	carpeted front stairs	1346-aspect5	unknown	related
aspect	1346	324	328	dirt	1346-aspect6	unknown	related
aspect	1346	330	338	pet hair	1346-aspect7	unknown	related
aspect	1346	340	346	leaves	1346-aspect8	unknown	related
aspect	1346	464	470	stairs	1346-aspect9	unknown	related
aspect	1346	488	492	hose	1346-aspect10	unknown	related
subjective	1346	499	521	so far beyond thrilled	1346-subjective11	positive	related
subjective	1346	531	553	not even a word for it	1346-subjective12	positive	related
subjective	1346	555	561	Simply	1346-subjective13	positive	related
aspect	1346	567	575	handheld	1346-aspect14	unknown	related
subjective	1346	589	604	phenomally well	1346-subjective15	positive	related
aspect	1346	580	588	picks up	1346-aspect16	unknown	related
subjective	1346	613	619	simple	1346-subjective17	positive	related
aspect	1346	623	631	dump out	1346-aspect18	unknown	related
aspect	1346	653	657	hose	1346-aspect19	unknown	related
aspect	1346	673	679	vacuum	1346-aspect20	unknown	related
aspect	1346	698	721	crevice tool attachment	1346-aspect21	unknown	related
aspect	1346	783	787	cord	1346-aspect22	unknown	related
subjective	1346	766	782	suprisingly long	1346-subjective23	positive	related
subjective	1346	789	799	surprising	1346-subjective24	positive	related
aspect	1346	807	814	compact	1346-aspect25	unknown	related
aspect	1346	844	849	thing	1346-aspect26	unknown	related
subjective	1346	850	881	makes me hear an angelic chorus	1346-subjective27	positive	related
subjective	1346	887	901	only downsides	1346-subjective28	negative	related
aspect	1346	943	949	weighs	1346-aspect29	unknown	related
subjective	1346	950	968	more than 5 pounds	1346-subjective30	negative	related
aspect	1346	1059	1071	stair risers	1346-aspect31	unknown	related
aspect	1346	1083	1103	Eureka's Riser Visor	1346-aspect32	unknown	related
aspect	1346	1109	1121	product pics	1346-aspect33	unknown	related
aspect	1346	1165	1177	brush roller	1346-aspect34	unknown	related
aspect	1346	1203	1208	thing	1346-aspect35	unknown	related
subjective	1346	1212	1217	crazy	1346-subjective36	positive	related
subjective	1346	1228	1237	marvelous	1346-subjective37	positive	related
aspect	1346	1238	1245	feature	1346-aspect38	unknown	related
aspect	1346	1253	1270	dual-motor system	1346-aspect39	unknown	related
aspect	1346	1301	1307	roller	1346-aspect40	unknown	related
aspect	1346	1336	1342	vacuum	1346-aspect41	unknown	related
aspect	1346	1385	1389	hose	1346-aspect42	unknown	related
aspect	1346	1418	1423	power	1346-aspect43	unknown	related
aspect	1346	1441	1445	belt	1346-aspect44	unknown	related
aspect	1346	1460	1466	roller	1346-aspect45	unknown	related
subjective	1346	1519	1533	only complaint	1346-subjective46	negative	related
aspect	1346	1573	1580	picture	1346-aspect47	unknown	related
aspect	1346	1593	1599	Amazon	1346-aspect48	unknown	related
aspect	1346	1608	1619	product box	1346-aspect49	unknown	related
aspect	1346	1633	1649	Eureka's website	1346-aspect50	unknown	related
aspect	1346	1659	1682	clear or smoke dust cup	1346-aspect51	unknown	related
aspect	1346	1702	1714	color scheme	1346-aspect52	unknown	related
aspect	1346	1722	1729	upright	1346-aspect53	unknown	related
aspect	1346	1757	1760	box	1346-aspect54	unknown	related
aspect	1346	1766	1777	Riser Visor	1346-aspect55	unknown	related
aspect	1346	1781	1786	smoke	1346-aspect56	unknown	related
aspect	1346	1796	1804	dust cup	1346-aspect57	unknown	related
subjective	1346	1810	1816	YELLOW	1346-subjective58	negative	related
aspect	1346	1913	1936	Eureka Customer Service	1346-aspect59	unknown	related
aspect	1346	1978	1989	replacement	1346-aspect60	unknown	related
subjective	1346	2050	2064	ONLY complaint	1346-subjective61	positive	related
aspect	1346	2093	2100	reviews	1346-aspect62	unknown	related
aspect	1346	2136	2142	weight	1346-aspect63	unknown	related
aspect	1346	2157	2162	store	1346-aspect64	unknown	related
aspect	1346	2176	2179	box	1346-aspect65	unknown	related
subjective	1346	2199	2233	can't recommend this beauty enough	1346-subjective66	positive	related
subjective	1346	1353	1358	great	1346-subjective67	positive	related
aspect	1347	0	13	Older Vacuums	1347-aspect0	unknown	foreign
subjective	1347	18	28	still good	1347-subjective1	negative	related
aspect	1347	33	45	suction area	1347-aspect2	unknown	related
aspect	1347	56	66	beater bar	1347-aspect3	unknown	related
aspect	1347	78	86	dog hair	1347-aspect4	unknown	related
aspect	1347	95	109	Lab/Cocker mix	1347-aspect5	unknown	related
aspect	1347	112	120	Picks up	1347-aspect6	unknown	related
subjective	1347	121	125	well	1347-subjective7	positive	related
aspect	1347	129	135	carpet	1347-aspect8	unknown	related
subjective	1347	140	175	not on the side edges or front like	1347-subjective9	negative	related
aspect	1347	151	161	side edges	1347-aspect10	unknown	related
aspect	1347	180	187	old one	1347-aspect11	unknown	foreign
subjective	1347	190	198	Horrible	1347-subjective12	negative	related
aspect	1347	202	217	hardwood floors	1347-aspect13	unknown	related
aspect	1347	222	237	concept of HEPA	1347-aspect14	unknown	related
aspect	1347	239	246	filters	1347-aspect15	unknown	related
subjective	1347	272	290	FRAUD ON THE WORLD	1347-subjective16	negative	related
aspect	1347	326	340	dust container	1347-aspect17	unknown	related
aspect	1347	354	364	dust flies	1347-aspect18	unknown	related
aspect	1347	370	373	bag	1347-aspect19	unknown	foreign
aspect	1347	393	399	Hoover	1347-aspect20	unknown	related
aspect	1347	474	486	tilt setting	1347-aspect21	unknown	related
aspect	1347	516	522	handle	1347-aspect22	unknown	related
subjective	1347	590	595	Bulky	1347-subjective23	negative	related
aspect	1347	617	629	coffee table	1347-aspect24	unknown	related
subjective	1347	600	634	won't go under a coffee table like	1347-subjective25	negative	related
aspect	1347	639	646	old one	1347-aspect26	unknown	foreign
aspect	1347	662	676	Hoover upright	1347-aspect27	unknown	foreign
subjective	1347	695	713	still worked great	1347-subjective28	negative	related
aspect	1347	757	763	Hoover	1347-aspect29	unknown	related
subjective	1347	788	818	best isn't self propelled like	1347-subjective30	negative	related
aspect	1347	799	813	self propelled	1347-aspect31	unknown	related
aspect	1347	822	827	prior	1347-aspect32	unknown	foreign
aspect	1347	165	170	front	1347-aspect33	unknown	related
subjective	1347	377	386	healthier	1347-subjective34	negative	related
subjective	1348	0	2	ok	1348-subjective0	neutral	related
subjective	1348	9	14	light	1348-subjective1	positive	related
subjective	1348	16	20	easy	1348-subjective2	positive	related
aspect	1348	24	27	use	1348-aspect3	unknown	related
aspect	1348	34	46	quick pickup	1348-aspect4	unknown	related
subjective	1348	51	55	easy	1348-subjective5	positive	related
aspect	1348	59	67	put away	1348-aspect6	unknown	related
aspect	1348	78	96	collapsible handle	1348-aspect7	unknown	related
subjective	1348	109	126	very little space	1348-subjective8	positive	related
subjective	1348	133	145	fit anywhere	1348-subjective9	positive	related
subjective	1348	148	152	Easy	1348-subjective10	positive	related
aspect	1348	156	159	use	1348-aspect11	unknown	related
aspect	1348	165	170	empty	1348-aspect12	unknown	related
aspect	1348	205	212	suction	1348-aspect13	unknown	related
subjective	1348	219	228	expensive	1348-subjective14	positive	related
aspect	1348	229	235	vacuum	1348-aspect15	unknown	foreign
subjective	1348	239	271	was expecting just a little more	1348-subjective16	negative	related
aspect	1348	272	279	suction	1348-aspect17	unknown	related
aspect	1348	298	302	dust	1348-aspect18	unknown	related
aspect	1348	318	322	dirt	1348-aspect19	unknown	related
subjective	1348	307	317	very light	1348-subjective20	negative	related
subjective	1348	328	339	little else	1348-subjective21	negative	related
aspect	1348	374	378	salt	1348-aspect22	unknown	related
subjective	1348	463	465	ok	1348-subjective23	neutral	related
aspect	1348	470	483	minor pickups	1348-aspect24	unknown	related
aspect	1348	490	502	small office	1348-aspect25	unknown	related
subjective	1348	509	539	probably wouldn't buy it again	1348-subjective26	negative	related
aspect	1349	0	5	Works	1349-aspect0	unknown	related
subjective	1349	6	11	great	1349-subjective1	positive	related
subjective	1349	33	38	Happy	1349-subjective2	positive	related
aspect	1349	44	46	it	1349-aspect3	unknown	related
aspect	1349	54	59	price	1349-aspect4	unknown	related
subjective	1349	48	53	Great	1349-subjective5	positive	related
subjective	1349	67	76	recommend	1349-subjective6	positive	related
aspect	1349	110	120	attachment	1349-aspect7	unknown	related
aspect	1349	143	154	extra brush	1349-aspect8	unknown	related
subjective	1349	175	190	took off a star	1349-subjective9	negative	related
subjective	1349	92	137	only thing is the attachment always falls off	1349-subjective10	negative	related
aspect	1349	26	31	power	1349-aspect11	unknown	related
subjective	1349	13	22	Has a lot	1349-subjective12	positive	related
subjective	3300	0	8	Fabulous	3300-subjective0	positive	related
subjective	3300	413	427	little charmer	3300-subjective1	positive	related
aspect	3300	477	482	works	3300-aspect2	unknown	related
subjective	3300	483	488	great	3300-subjective3	positive	related
aspect	3300	496	503	carpets	3300-aspect4	unknown	related
aspect	3300	521	525	sofa	3300-aspect5	unknown	related
subjective	3300	536	541	super	3300-subjective6	positive	related
aspect	3300	546	553	molding	3300-aspect7	unknown	related
aspect	3300	562	566	like	3300-aspect8	unknown	related
aspect	3300	590	604	separate brush	3300-aspect9	unknown	foreign
aspect	3300	613	616	end	3300-aspect10	unknown	related
subjective	3300	643	647	nice	3300-subjective11	positive	related
aspect	3300	648	660	crevice tool	3300-aspect12	unknown	related
aspect	3300	708	716	crevices	3300-aspect13	unknown	related
subjective	3300	724	736	little yucky	3300-subjective14	negative	related
aspect	3300	750	764	dust collector	3300-aspect15	unknown	related
aspect	3300	786	794	capacity	3300-aspect16	unknown	related
aspect	3300	825	829	bags	3300-aspect17	unknown	related
subjective	3300	576	587	need to buy	3300-subjective18	negative	related
