aspect	1350	56	69	Wonder Washer	1350-aspect0	unknown	related
aspect	1350	363	370	laundry	1350-aspect1	unknown	foreign
aspect	1350	410	420	little guy	1350-aspect2	unknown	related
aspect	1350	473	485	laundry room	1350-aspect3	unknown	foreign
aspect	1350	765	778	Wonder Washer	1350-aspect4	unknown	related
subjective	1350	808	823	real life saver	1350-subjective5	positive	related
aspect	1350	864	876	clean undies	1350-aspect6	unknown	related
aspect	1350	889	894	money	1350-aspect7	unknown	related
subjective	1350	882	888	saving	1350-subjective8	positive	related
subjective	1350	915	920	great	1350-subjective9	positive	related
aspect	1350	980	987	bathtub	1350-aspect10	unknown	related
aspect	1350	1012	1032	memory foam bath mat	1350-aspect11	unknown	related
aspect	1350	1040	1045	floor	1350-aspect12	unknown	related
aspect	1350	1083	1086	lid	1350-aspect13	unknown	related
subjective	1350	1092	1096	joke	1350-subjective14	negative	related
aspect	1350	1121	1126	water	1350-aspect15	unknown	related
aspect	1350	1150	1156	bucket	1350-aspect16	unknown	related
aspect	1350	1167	1174	running	1350-aspect17	unknown	related
aspect	1350	1199	1203	tray	1350-aspect18	unknown	related
aspect	1350	1211	1218	clothes	1350-aspect19	unknown	related
aspect	1350	1250	1263	little washer	1350-aspect20	unknown	related
subjective	1350	1283	1303	still running strong	1350-subjective21	positive	related
subjective	1350	1312	1329	definitely a wise	1350-subjective22	positive	related
aspect	1350	1330	1340	investment	1350-aspect23	unknown	related
subjective	1350	0	19	Will Pay for Itself	1350-subjective24	positive	related
subjective	1350	454	465	done faster	1350-subjective25	negative	related
aspect	1350	640	647	laundry	1350-aspect26	unknown	related
subjective	1351	0	9	Fantastic	1351-subjective0	positive	related
subjective	1351	67	76	great job	1351-subjective1	positive	related
aspect	1351	81	88	clothes	1351-aspect2	unknown	related
subjective	1351	104	114	very clean	1351-subjective3	positive	related
aspect	1351	161	164	air	1351-aspect4	unknown	related
aspect	1351	180	184	vent	1351-aspect5	unknown	related
aspect	1351	198	205	suction	1351-aspect6	unknown	related
aspect	1351	230	235	water	1351-aspect7	unknown	related
aspect	1351	248	261	dirty clothes	1351-aspect8	unknown	related
aspect	1351	293	305	2 - 4 inches	1351-aspect9	unknown	related
aspect	1351	309	314	water	1351-aspect10	unknown	related
aspect	1351	329	335	bucket	1351-aspect11	unknown	related
aspect	1351	393	397	wash	1351-aspect12	unknown	related
subjective	1351	368	389	Only a couple minutes	1351-subjective13	positive	related
aspect	1351	420	425	rinse	1351-aspect14	unknown	related
subjective	1351	439	443	nice	1351-subjective15	positive	related
subjective	1351	448	453	clean	1351-subjective16	positive	related
subjective	1351	469	502	significantly less detergent than	1351-subjective17	positive	related
aspect	1351	488	497	detergent	1351-aspect18	unknown	related
aspect	1351	520	526	washer	1351-aspect19	unknown	foreign
aspect	1351	575	580	water	1351-aspect20	unknown	related
aspect	1351	593	600	clothes	1351-aspect21	unknown	related
subjective	1351	612	623	Very sturdy	1351-subjective22	positive	related
subjective	1351	626	657	expect to use it for many years	1351-subjective23	positive	related
subjective	1352	0	5	Smart	1352-subjective0	positive	related
subjective	1352	19	23	LOVE	1352-subjective1	positive	related
aspect	1352	6	16	Investment	1352-aspect2	unknown	related
aspect	1352	27	32	PANDA	1352-aspect3	unknown	related
aspect	1352	36	41	panda	1352-aspect4	unknown	related
aspect	1352	89	107	2 loads of laundry	1352-aspect5	unknown	related
subjective	1352	145	149	Easy	1352-subjective6	positive	related
aspect	1352	150	156	set up	1352-aspect7	unknown	related
subjective	1352	162	171	very easy	1352-subjective8	positive	related
aspect	1352	175	178	use	1352-aspect9	unknown	related
subjective	1352	184	204	get what you pay for	1352-subjective10	neutral	related
aspect	1352	249	256	clothes	1352-aspect11	unknown	related
subjective	1352	261	265	nice	1352-subjective12	positive	related
subjective	1352	270	275	clean	1352-subjective13	positive	related
aspect	1352	288	310	normal washing machine	1352-aspect14	unknown	foreign
aspect	1352	358	369	rinse cycle	1352-aspect15	unknown	related
subjective	1352	384	390	easier	1352-subjective16	positive	related
aspect	1352	403	408	motor	1352-aspect17	unknown	related
aspect	1352	439	454	hand held spray	1352-aspect18	unknown	related
aspect	1352	472	479	clothes	1352-aspect19	unknown	related
aspect	1352	591	598	clothes	1352-aspect20	unknown	related
aspect	1352	679	688	top cover	1352-aspect21	unknown	related
aspect	1352	715	721	washer	1352-aspect22	unknown	related
aspect	1352	743	753	drain hose	1352-aspect23	unknown	related
aspect	1352	776	781	water	1352-aspect24	unknown	related
aspect	1352	842	859	moisture build up	1352-aspect25	unknown	related
aspect	1352	871	876	Panda	1352-aspect26	unknown	related
subjective	1352	863	867	love	1352-subjective27	positive	related
aspect	1352	893	902	apartment	1352-aspect28	unknown	related
aspect	1352	923	946	washer & dryer hook-ups	1352-aspect29	unknown	foreign
aspect	1352	972	985	laundry needs	1352-aspect30	unknown	related
subjective	1352	1064	1075	$50 a month	1352-subjective31	positive	related
aspect	1352	1088	1099	laundry mat	1352-aspect32	unknown	foreign
subjective	1352	1103	1132	won't miss doing that anymore	1352-subjective33	positive	related
aspect	1352	1189	1208	wash bed comforters	1352-aspect34	unknown	related
aspect	1352	529	533	soap	1352-aspect35	unknown	related
subjective	1352	995	1022	eventualy pay for it's self	1352-subjective36	positive	related
subjective	1352	1235	1238	:-)	1352-subjective37	positive	related
aspect	1353	8	12	dirt	1353-aspect0	unknown	related
aspect	1353	25	35	underwears	1353-aspect1	unknown	related
aspect	1353	40	53	dark clothing	1353-aspect2	unknown	related
aspect	1353	98	103	Works	1353-aspect3	unknown	related
subjective	1353	104	108	good	1353-subjective4	positive	related
subjective	1353	123	134	major issue	1353-subjective5	negative	related
subjective	1353	154	162	too much	1353-subjective6	negative	related
aspect	1353	163	167	dirt	1353-aspect7	unknown	related
aspect	1353	173	179	fabric	1353-aspect8	unknown	related
aspect	1353	192	200	clothing	1353-aspect9	unknown	related
subjective	1353	205	226	never happened before	1353-subjective10	negative	related
aspect	1353	247	263	local laundromat	1353-aspect11	unknown	foreign
subjective	1353	271	281	pretty bad	1353-subjective12	negative	related
aspect	1353	302	311	underwear	1353-aspect13	unknown	related
aspect	1353	338	342	dirt	1353-aspect14	unknown	related
aspect	1353	363	374	lint roller	1353-aspect15	unknown	related
subjective	1353	394	433	If I knew it I would have not bought it	1353-subjective16	negative	related
subjective	1353	459	463	good	1353-subjective17	positive	related
aspect	1353	464	471	product	1353-aspect18	unknown	related
subjective	1353	495	502	headsup	1353-subjective19	negative	related
subjective	1353	534	541	problem	1353-subjective20	negative	related
subjective	1353	0	7	So much	1353-subjective21	negative	related
aspect	1353	60	64	wash	1353-aspect22	unknown	related
subjective	1354	0	7	Perfect	1354-subjective0	positive	related
subjective	1354	98	115	still works great	1354-subjective1	positive	related
aspect	1354	104	109	works	1354-aspect2	unknown	related
subjective	1354	120	135	absolutely love	1354-subjective3	positive	related
aspect	1354	136	138	it	1354-aspect4	unknown	related
subjective	1354	145	157	only problem	1354-subjective5	negative	related
aspect	1354	211	216	drain	1354-aspect6	unknown	related
aspect	1354	236	240	sink	1354-aspect7	unknown	related
aspect	1354	257	264	kitchen	1354-aspect8	unknown	related
subjective	1354	277	305	better than you would expect	1354-subjective9	positive	related
subjective	1354	308	315	Perfect	1354-subjective10	positive	related
aspect	1354	338	362	small apartment dwelling	1354-aspect11	unknown	related
subjective	1354	367	390	still am waiting to buy	1354-subjective12	positive	related
aspect	1354	395	400	dryer	1354-aspect13	unknown	foreign
subjective	1354	402	404	A+	1354-subjective14	positive	related
subjective	1355	0	33	Sorry but...didn't like it at all	1355-subjective0	negative	related
aspect	1355	39	47	800 gram	1355-aspect1	unknown	related
subjective	1355	48	65	isn't much weight	1355-subjective2	positive	related
aspect	1355	77	85	1.25 pds	1355-aspect3	unknown	related
aspect	1355	123	128	water	1355-aspect4	unknown	related
aspect	1355	148	153	socks	1355-aspect5	unknown	related
aspect	1355	158	167	underwear	1355-aspect6	unknown	related
subjective	1355	242	268	different ball game for it	1355-subjective7	negative	related
aspect	1355	326	332	shorts	1355-aspect8	unknown	related
aspect	1355	493	499	bucket	1355-aspect9	unknown	related
subjective	1355	474	482	too much	1355-subjective10	negative	related
aspect	1355	483	489	weight	1355-aspect11	unknown	related
aspect	1355	547	554	machine	1355-aspect12	unknown	related
aspect	1355	603	619	bottom of bucket	1355-aspect13	unknown	related
aspect	1355	675	680	belts	1355-aspect14	unknown	related
aspect	1355	725	731	bucket	1355-aspect15	unknown	related
aspect	1355	751	758	machine	1355-aspect16	unknown	related
aspect	1355	789	794	water	1355-aspect17	unknown	related
aspect	1355	810	817	clothes	1355-aspect18	unknown	related
aspect	1355	924	929	water	1355-aspect19	unknown	related
aspect	1355	1025	1040	regular machine	1355-aspect20	unknown	foreign
aspect	1355	1135	1140	water	1355-aspect21	unknown	related
aspect	1355	1151	1158	clothes	1355-aspect22	unknown	related
aspect	1355	1361	1367	bucket	1355-aspect23	unknown	related
aspect	1355	1383	1388	water	1355-aspect24	unknown	related
aspect	1355	1453	1460	machine	1355-aspect25	unknown	related
subjective	1355	1775	1787	wasn't quiet	1355-subjective26	negative	related
aspect	1355	1771	1774	one	1355-aspect27	unknown	related
aspect	1355	1806	1811	motor	1355-aspect28	unknown	related
subjective	1355	1849	1861	wasn't quiet	1355-subjective29	negative	related
subjective	1355	1876	1888	quieter than	1355-subjective30	positive	related
aspect	1355	1891	1902	regular one	1355-aspect31	unknown	foreign
subjective	1355	1918	1940	kinda annoying to hear	1355-subjective32	negative	related
subjective	1355	1944	1968	don't think it was worth	1355-subjective33	negative	related
aspect	1355	1973	1978	money	1355-aspect34	unknown	related
aspect	1355	2058	2089	very little small light clothes	1355-aspect35	unknown	related
aspect	1355	2251	2258	machine	1355-aspect36	unknown	related
aspect	1355	2310	2317	clothes	1355-aspect37	unknown	related
aspect	1355	2567	2574	clothes	1355-aspect38	unknown	related
aspect	1355	2603	2608	water	1355-aspect39	unknown	related
aspect	1355	2653	2660	machine	1355-aspect40	unknown	related
aspect	1355	2728	2733	water	1355-aspect41	unknown	related
aspect	1355	2772	2777	water	1355-aspect42	unknown	related
aspect	1355	2853	2862	detergent	1355-aspect43	unknown	related
aspect	1355	2941	2944	tub	1355-aspect44	unknown	related
aspect	1355	2962	2966	soap	1355-aspect45	unknown	related
aspect	1355	2971	2977	bucket	1355-aspect46	unknown	related
subjective	1355	3111	3122	didn't like	1355-subjective47	negative	related
aspect	1355	3127	3134	product	1355-aspect48	unknown	related
subjective	1355	3142	3151	returning	1355-subjective49	negative	related
aspect	1355	3195	3221	gallon and a half of water	1355-aspect50	unknown	related
aspect	1355	3233	3236	top	1355-aspect51	unknown	related
aspect	1355	3242	3247	motor	1355-aspect52	unknown	related
aspect	1355	3261	3270	120 volts	1355-aspect53	unknown	related
aspect	1355	3282	3286	amps	1355-aspect54	unknown	related
aspect	1355	3310	3315	watts	1355-aspect55	unknown	related
aspect	1355	3342	3354	3 prong plug	1355-aspect56	unknown	related
aspect	1355	3565	3571	manual	1355-aspect57	unknown	related
subjective	1355	3541	3561	doesn't say anything	1355-subjective58	negative	related
aspect	1355	3594	3609	circuit breaker	1355-aspect59	unknown	foreign
aspect	1355	3658	3663	water	1355-aspect60	unknown	related
subjective	1355	3744	3748	pros	1355-subjective61	positive	related
subjective	1355	3753	3757	cons	1355-subjective62	positive	related
subjective	1355	3771	3795	well more cons then pros	1355-subjective63	negative	related
subjective	1355	504	528	like to spin around fast	1355-subjective64	negative	related
subjective	1355	705	715	was afraid	1355-subjective65	negative	related
subjective	1355	823	838	must be dirtier	1355-subjective66	negative	related
subjective	1355	1087	1108	was a work out for me	1355-subjective67	negative	related
aspect	1355	1251	1258	clothes	1355-aspect68	unknown	related
aspect	1355	1503	1510	clothes	1355-aspect69	unknown	related
aspect	1355	1515	1520	water	1355-aspect70	unknown	related
aspect	1355	1550	1556	bucket	1355-aspect71	unknown	related
aspect	1355	1635	1639	belt	1355-aspect72	unknown	related
subjective	1355	1656	1676	doesn't exactly save	1355-subjective73	negative	related
aspect	1355	1680	1685	water	1355-aspect74	unknown	related
aspect	1355	1731	1738	clothes	1355-aspect75	unknown	related
subjective	1355	1996	2034	I'm in the process in getting a refund	1355-subjective76	negative	related
aspect	1355	2028	2034	refund	1355-aspect77	unknown	related
aspect	1355	2131	2149	42 thick underware	1355-aspect78	unknown	related
aspect	1355	2155	2174	size xx large socks	1355-aspect79	unknown	related
subjective	1355	2225	2242	minds well forget	1355-subjective80	negative	related
subjective	1355	2259	2270	will hate U	1355-subjective81	negative	related
aspect	1355	3469	3485	circuit breakers	1355-aspect82	unknown	foreign
aspect	1355	458	465	clothes	1355-aspect83	unknown	related
subjective	1356	0	9	Excellent	1356-subjective0	positive	related
aspect	1356	10	16	washer	1356-aspect1	unknown	related
subjective	1356	21	48	wish I had bought it sooner	1356-subjective2	positive	related
aspect	1356	64	70	washer	1356-aspect3	unknown	related
subjective	1356	99	109	very happy	1356-subjective4	positive	related
aspect	1356	154	168	compact washer	1356-aspect5	unknown	related
aspect	1356	202	218	pink pillowcases	1356-aspect6	unknown	related
aspect	1356	235	260	communal laundry machines	1356-aspect7	unknown	foreign
aspect	1356	310	323	black streaks	1356-aspect8	unknown	related
subjective	1356	332	352	which were NOT there	1356-subjective9	positive	related
aspect	1356	376	388	laundry room	1356-aspect10	unknown	foreign
subjective	1356	389	396	hassles	1356-subjective11	positive	related
aspect	1356	410	418	machines	1356-aspect12	unknown	foreign
subjective	1356	425	436	always busy	1356-subjective13	positive	related
subjective	1356	518	524	$%&*#@	1356-subjective14	positive	related
aspect	1356	525	533	quarters	1356-aspect15	unknown	related
aspect	1356	543	551	machines	1356-aspect16	unknown	related
aspect	1356	601	607	washer	1356-aspect17	unknown	related
aspect	1356	608	613	works	1356-aspect18	unknown	related
subjective	1356	614	619	great	1356-subjective19	positive	related
subjective	1356	632	639	perfect	1356-subjective20	positive	related
aspect	1356	640	649	condition	1356-aspect21	unknown	related
subjective	1356	655	662	quickly	1356-subjective22	positive	related
subjective	1356	675	681	breeze	1356-subjective23	positive	related
aspect	1356	698	717	spare bathroom sink	1356-aspect24	unknown	related
subjective	1356	782	823	always expect frustration, rage and tears	1356-subjective25	negative	related
aspect	1356	880	895	hose connection	1356-aspect26	unknown	related
aspect	1356	916	930	faucet aerator	1356-aspect27	unknown	related
subjective	1356	936	947	very simple	1356-subjective28	positive	related
subjective	1356	954	962	no leaks	1356-subjective29	positive	related
subjective	1356	983	996	quite pleased	1356-subjective30	positive	related
aspect	1356	1006	1026	washer's performance	1356-aspect31	unknown	related
aspect	1356	1028	1035	clothes	1356-aspect32	unknown	related
subjective	1356	1040	1050	very clean	1356-subjective33	positive	related
aspect	1356	1052	1059	machine	1356-aspect34	unknown	related
subjective	1356	1063	1068	quiet	1356-subjective35	positive	related
aspect	1356	1075	1086	convenience	1356-aspect36	unknown	related
subjective	1356	1092	1101	no longer	1356-subjective37	positive	related
aspect	1356	1130	1137	cooties	1356-aspect38	unknown	related
aspect	1356	1144	1151	laundry	1356-aspect39	unknown	related
subjective	1356	1156	1175	recommend it highly	1356-subjective40	positive	related
subjective	1357	13	24	best friend	1357-subjective0	positive	related
aspect	1357	78	83	money	1357-aspect1	unknown	related
aspect	1357	119	135	loads of laundry	1357-aspect2	unknown	related
aspect	1357	163	173	laundramat	1357-aspect3	unknown	foreign
subjective	1357	228	241	little helper	1357-subjective4	positive	related
subjective	1357	311	319	save big	1357-subjective5	positive	related
aspect	1357	320	324	time	1357-aspect6	unknown	related
aspect	1357	335	343	manually	1357-aspect7	unknown	related
aspect	1357	363	378	fabric softener	1357-aspect8	unknown	related
aspect	1357	415	427	folding rack	1357-aspect9	unknown	related
aspect	1357	430	437	bathtub	1357-aspect10	unknown	related
aspect	1357	453	458	patio	1357-aspect11	unknown	related
subjective	1357	505	517	cash sucking	1357-subjective12	positive	related
aspect	1357	518	528	laundramat	1357-aspect13	unknown	foreign
aspect	1357	587	596	portables	1357-aspect14	unknown	related
aspect	1357	624	636	kitchen sink	1357-aspect15	unknown	related
subjective	1357	648	657	every day	1357-subjective16	positive	related
aspect	1357	641	644	use	1357-aspect17	unknown	related
subjective	1358	2	11	wonderful	1358-subjective0	positive	related
aspect	1358	54	75	Panda Washing Machine	1358-aspect1	unknown	related
subjective	1358	271	280	AAA+ fast	1358-subjective2	positive	related
aspect	1358	296	311	washing machine	1358-aspect3	unknown	related
subjective	1358	340	344	best	1358-subjective4	positive	related
aspect	1358	345	360	babyshower gift	1358-aspect5	unknown	related
subjective	1358	374	379	great	1358-subjective6	positive	related
aspect	1358	380	387	reviews	1358-aspect7	unknown	related
aspect	1358	486	498	laundry room	1358-aspect8	unknown	foreign
aspect	1358	533	540	laundry	1358-aspect9	unknown	related
aspect	1358	563	572	apartment	1358-aspect10	unknown	related
subjective	1358	594	603	fantastic	1358-subjective11	positive	related
aspect	1358	619	628	reviewers	1358-aspect12	unknown	related
aspect	1358	632	638	Amazon	1358-aspect13	unknown	related
aspect	1358	641	648	YouTube	1358-aspect14	unknown	foreign
aspect	1358	657	664	reviews	1358-aspect15	unknown	related
aspect	1358	698	707	reviewers	1358-aspect16	unknown	related
aspect	1358	742	757	washing machine	1358-aspect17	unknown	related
aspect	1358	775	782	reviews	1358-aspect18	unknown	related
aspect	1358	260	267	company	1358-aspect19	unknown	related
subjective	1359	0	5	Great	1359-subjective0	positive	related
aspect	1359	6	9	Buy	1359-aspect1	unknown	related
aspect	1359	14	19	Works	1359-aspect2	unknown	related
subjective	1359	20	24	Well	1359-subjective3	positive	related
subjective	1359	47	59	very pleased	1359-subjective4	positive	related
aspect	1359	70	77	product	1359-aspect5	unknown	related
aspect	1359	149	163	full-size unit	1359-aspect6	unknown	foreign
aspect	1359	223	260	company's customer service department	1359-aspect7	unknown	related
aspect	1359	321	333	water source	1359-aspect8	unknown	related
aspect	1359	377	387	water line	1359-aspect9	unknown	related
subjective	1359	392	413	not that much trouble	1359-subjective10	neutral	related
aspect	1359	460	463	tub	1359-aspect11	unknown	related
aspect	1359	472	477	water	1359-aspect12	unknown	related
aspect	1359	483	492	detergent	1359-aspect13	unknown	related
aspect	1359	503	508	water	1359-aspect14	unknown	related
aspect	1359	521	528	clothes	1359-aspect15	unknown	related
aspect	1359	543	548	power	1359-aspect16	unknown	related
aspect	1359	557	569	water height	1359-aspect17	unknown	related
aspect	1359	586	598	CYCLE BUTTON	1359-aspect18	unknown	related
aspect	1359	644	649	start	1359-aspect19	unknown	related
aspect	1359	655	665	wash cycle	1359-aspect20	unknown	related
aspect	1359	678	688	15 minutes	1359-aspect21	unknown	related
aspect	1359	706	716	wash cycle	1359-aspect22	unknown	related
aspect	1359	736	748	power button	1359-aspect23	unknown	related
aspect	1359	761	768	machine	1359-aspect24	unknown	related
aspect	1359	781	793	power button	1359-aspect25	unknown	related
aspect	1359	818	830	cycle button	1359-aspect26	unknown	related
aspect	1359	875	880	start	1359-aspect27	unknown	related
aspect	1359	899	904	water	1359-aspect28	unknown	related
aspect	1359	916	919	tub	1359-aspect29	unknown	related
aspect	1359	946	953	machine	1359-aspect30	unknown	related
aspect	1359	1027	1032	water	1359-aspect31	unknown	related
aspect	1359	1038	1045	clothes	1359-aspect32	unknown	related
aspect	1359	1057	1068	rinse water	1359-aspect33	unknown	related
aspect	1359	1102	1114	power button	1359-aspect34	unknown	related
aspect	1359	1127	1134	machine	1359-aspect35	unknown	related
aspect	1359	1182	1189	clothes	1359-aspect36	unknown	related
aspect	1359	1238	1250	power button	1359-aspect37	unknown	related
aspect	1359	1286	1291	power	1359-aspect38	unknown	related
aspect	1359	1303	1315	cycle button	1359-aspect39	unknown	related
aspect	1359	1358	1363	start	1359-aspect40	unknown	related
subjective	1359	270	282	IT WILL work	1359-subjective41	positive	related
subjective	1360	0	27	Wish we had found it sooner	1360-subjective0	positive	related
subjective	1360	54	60	marvel	1360-subjective1	positive	related
aspect	1360	41	48	machine	1360-aspect2	unknown	related
aspect	1360	65	70	works	1360-aspect3	unknown	related
subjective	1360	71	80	perfectly	1360-subjective4	positive	related
aspect	1360	106	118	kitchen sink	1360-aspect5	unknown	related
aspect	1360	129	136	clothes	1360-aspect6	unknown	related
aspect	1360	211	216	smell	1360-aspect7	unknown	related
subjective	1360	217	225	so fresh	1360-subjective8	positive	related
aspect	1360	314	325	spin basket	1360-aspect9	unknown	related
subjective	1360	338	346	good job	1360-subjective10	positive	related
aspect	1360	364	369	water	1360-aspect11	unknown	related
subjective	1360	376	381	quiet	1360-subjective12	positive	related
subjective	1360	383	387	easy	1360-subjective13	positive	related
aspect	1360	391	395	lift	1360-aspect14	unknown	related
subjective	1360	285	302	doesn't take long	1360-subjective15	positive	related
aspect	1360	416	423	clothes	1360-aspect16	unknown	related
subjective	1360	423	428	clean	1360-subjective17	positive	related
subjective	1360	429	459	No more noisy,  crowded, dirty	1360-subjective18	positive	related
aspect	1360	460	471	laundromats	1360-aspect19	unknown	foreign
subjective	1360	474	494	Nomore lugging heavy	1360-subjective20	positive	related
aspect	1360	495	502	baskets	1360-aspect21	unknown	foreign
aspect	1360	514	517	car	1360-aspect22	unknown	related
subjective	1361	0	4	LOVE	1361-subjective0	positive	related
aspect	1361	10	17	MACHINE	1361-aspect1	unknown	related
aspect	1361	68	75	laundry	1361-aspect2	unknown	related
subjective	1361	76	87	was NOT fun	1361-subjective3	positive	related
subjective	1361	122	135	way expensive	1361-subjective4	positive	related
aspect	1361	154	158	wash	1361-aspect5	unknown	related
aspect	1361	210	217	machine	1361-aspect6	unknown	related
subjective	1361	218	232	fits perfectly	1361-subjective7	positive	related
aspect	1361	242	249	counter	1361-aspect8	unknown	related
aspect	1361	257	265	bathroom	1361-aspect9	unknown	related
aspect	1361	270	275	looks	1361-aspect10	unknown	related
subjective	1361	276	285	very neat	1361-subjective11	positive	related
aspect	1361	294	311	storage container	1361-aspect12	unknown	related
subjective	1361	328	339	very simple	1361-subjective13	positive	related
subjective	1361	344	348	easy	1361-subjective14	positive	related
subjective	1361	352	384	wish I had bought this years ago	1361-subjective15	positive	related
aspect	1361	434	441	clothes	1361-aspect16	unknown	related
subjective	1361	460	476	true money saver	1361-subjective17	positive	related
aspect	1361	497	501	soap	1361-aspect18	unknown	related
subjective	1361	521	530	great job	1361-subjective19	positive	related
aspect	1361	539	546	clothes	1361-aspect20	unknown	related
aspect	1361	578	589	laundry mat	1361-aspect21	unknown	foreign
subjective	1361	562	573	better than	1361-subjective22	positive	related
aspect	1361	658	665	clothes	1361-aspect23	unknown	related
aspect	1361	709	716	clothes	1361-aspect24	unknown	related
subjective	1361	888	912	You will be glad you did	1361-subjective25	positive	related
subjective	1361	874	885	just buy it	1361-subjective26	positive	related
aspect	1361	807	813	sheets	1361-aspect27	unknown	related
aspect	1361	316	321	using	1361-aspect28	unknown	related
subjective	1362	7	15	good job	1362-subjective0	positive	related
aspect	1362	21	27	washer	1362-aspect1	unknown	related
subjective	1362	38	43	great	1362-subjective2	positive	related
aspect	1362	49	62	included hose	1362-aspect3	unknown	related
subjective	1362	66	70	junk	1362-subjective4	negative	related
aspect	1362	132	147	Aquarium tubing	1362-aspect5	unknown	related
aspect	1362	148	153	works	1362-aspect6	unknown	related
subjective	1362	154	159	great	1362-subjective7	positive	related
aspect	1362	163	187	plug for the outlet hose	1362-aspect8	unknown	foreign
aspect	1362	209	221	wad of paper	1362-aspect9	unknown	related
subjective	1362	232	234	ok	1362-subjective10	neutral	related
aspect	1362	260	271	outlet hose	1362-aspect11	unknown	related
aspect	1362	298	304	washer	1362-aspect12	unknown	related
aspect	1362	317	321	load	1362-aspect13	unknown	related
aspect	1362	121	130	pet store	1362-aspect14	unknown	related
subjective	1362	72	101	Replace it as soon as you can	1362-subjective15	negative	related
subjective	1362	188	201	would be nice	1362-subjective16	negative	related
aspect	1363	0	5	dryer	1363-aspect0	unknown	related
aspect	1363	86	89	job	1363-aspect1	unknown	related
subjective	1363	53	81	looks like it is going to do	1363-subjective2	positive	related
subjective	1364	0	6	Useful	1364-subjective0	positive	related
aspect	1364	7	21	little machine	1364-aspect1	unknown	related
aspect	1364	39	46	machine	1364-aspect2	unknown	related
aspect	1364	100	107	clothes	1364-aspect3	unknown	related
aspect	1364	123	135	larger items	1364-aspect4	unknown	related
aspect	1364	151	157	towels	1364-aspect5	unknown	related
aspect	1364	159	169	washcloths	1364-aspect6	unknown	related
aspect	1364	174	179	socks	1364-aspect7	unknown	related
aspect	1364	187	197	laundromat	1364-aspect8	unknown	foreign
aspect	1364	199	204	items	1364-aspect9	unknown	related
aspect	1364	140	145	items	1364-aspect10	unknown	related
aspect	1364	236	242	washer	1364-aspect11	unknown	related
aspect	1364	282	288	towels	1364-aspect12	unknown	related
aspect	1364	290	300	washcloths	1364-aspect13	unknown	related
aspect	1364	305	310	socks	1364-aspect14	unknown	related
aspect	1364	367	380	hot air dryer	1364-aspect15	unknown	foreign
aspect	1364	470	478	clothing	1364-aspect16	unknown	related
aspect	1364	492	495	guy	1364-aspect17	unknown	related
subjective	1364	510	518	good job	1364-subjective18	positive	related
subjective	1364	519	526	Caveats	1364-subjective19	negative	related
aspect	1364	554	559	items	1364-aspect20	unknown	related
aspect	1364	615	620	water	1364-aspect21	unknown	related
aspect	1364	705	710	water	1364-aspect22	unknown	related
aspect	1364	733	739	bucket	1364-aspect23	unknown	related
aspect	1364	754	757	lid	1364-aspect24	unknown	related
aspect	1364	809	823	water spillage	1364-aspect25	unknown	related
aspect	1364	848	853	holes	1364-aspect26	unknown	related
aspect	1364	861	864	lid	1364-aspect27	unknown	related
aspect	1364	940	947	clothes	1364-aspect28	unknown	related
aspect	1364	958	962	load	1364-aspect29	unknown	related
aspect	1364	996	1003	machine	1364-aspect30	unknown	related
aspect	1364	1037	1053	whirlpool effect	1364-aspect31	unknown	related
aspect	1364	679	695	whirlpool effect	1364-aspect32	unknown	related
aspect	1364	1098	1116	floor-length skirt	1364-aspect33	unknown	related
aspect	1364	1122	1126	bras	1364-aspect34	unknown	related
aspect	1364	1144	1153	underwear	1364-aspect35	unknown	related
aspect	1364	1194	1204	hand towel	1364-aspect36	unknown	related
aspect	1364	1223	1227	base	1364-aspect37	unknown	related
aspect	1364	1239	1247	spillage	1364-aspect38	unknown	related
aspect	1364	1272	1277	knobs	1364-aspect39	unknown	related
aspect	1364	1321	1326	hands	1364-aspect40	unknown	related
aspect	1364	1370	1380	hand towel	1364-aspect41	unknown	related
aspect	1364	1409	1414	hands	1364-aspect42	unknown	related
aspect	1364	1434	1438	knob	1364-aspect43	unknown	related
aspect	1364	1529	1537	clothing	1364-aspect44	unknown	related
aspect	1364	1584	1603	tupperware "bucket"	1364-aspect45	unknown	related
aspect	1364	1655	1660	water	1364-aspect46	unknown	related
aspect	1364	1734	1741	clothes	1364-aspect47	unknown	related
aspect	1364	1758	1763	water	1364-aspect48	unknown	related
aspect	1364	1858	1865	clothes	1364-aspect49	unknown	related
aspect	1364	1973	1990	tupperware bucket	1364-aspect50	unknown	related
aspect	1364	1996	2001	water	1364-aspect51	unknown	related
aspect	1364	2031	2048	tupperware bucket	1364-aspect52	unknown	related
aspect	1364	2058	2065	machine	1364-aspect53	unknown	related
aspect	1364	2115	2121	washer	1364-aspect54	unknown	related
aspect	1364	2133	2145	kitchen sink	1364-aspect55	unknown	related
aspect	1364	2154	2166	kitchen sink	1364-aspect56	unknown	related
aspect	1364	2173	2180	sprayer	1364-aspect57	unknown	related
aspect	1364	2200	2209	detergent	1364-aspect58	unknown	related
aspect	1364	2211	2227	colorsafe bleach	1364-aspect59	unknown	related
aspect	1364	2232	2240	softener	1364-aspect60	unknown	related
aspect	1364	2264	2271	sprayer	1364-aspect61	unknown	related
aspect	1364	2279	2284	water	1364-aspect62	unknown	related
subjective	1364	2287	2298	Much easier	1364-subjective63	positive	related
aspect	1364	2332	2338	washer	1364-aspect64	unknown	related
aspect	1364	2350	2362	kitchen sink	1364-aspect65	unknown	related
aspect	1364	2379	2386	rinsing	1364-aspect66	unknown	related
subjective	1364	2371	2375	ease	1364-subjective67	positive	related
aspect	1364	2393	2405	larger items	1364-aspect68	unknown	related
aspect	1364	2412	2418	skirts	1364-aspect69	unknown	related
aspect	1364	2420	2425	pants	1364-aspect70	unknown	related
aspect	1364	2430	2436	shirts	1364-aspect71	unknown	related
aspect	1364	2455	2460	water	1364-aspect72	unknown	related
aspect	1364	2470	2475	items	1364-aspect73	unknown	related
aspect	1364	2520	2524	sink	1364-aspect74	unknown	related
aspect	1364	2531	2544	smaller items	1364-aspect75	unknown	related
aspect	1364	2610	2620	water flow	1364-aspect76	unknown	related
subjective	1364	2629	2641	like a charm	1364-subjective77	positive	related
aspect	1364	2709	2714	items	1364-aspect78	unknown	related
aspect	1364	2733	2744	drying time	1364-aspect79	unknown	related
aspect	1364	2892	2898	Amazon	1364-aspect80	unknown	related
aspect	1364	2902	2907	Works	1364-aspect81	unknown	related
subjective	1364	2908	2913	great	1364-subjective82	positive	related
subjective	1364	2927	2932	handy	1364-subjective83	positive	related
aspect	1364	2933	2950	little apppliance	1364-aspect84	unknown	related
subjective	1364	217	226	don't fit	1364-subjective85	negative	related
aspect	1364	265	275	air drying	1364-aspect86	unknown	related
subjective	1364	246	259	don't do well	1364-subjective87	negative	related
subjective	1364	1004	1017	stops working	1364-subjective88	negative	related
aspect	1364	1707	1712	water	1364-aspect89	unknown	related
aspect	1364	1911	1916	water	1364-aspect90	unknown	related
subjective	1364	1874	1936	don't want to have to change out the water more than necessary	1364-subjective91	negative	related
aspect	1364	2623	2628	Works	1364-aspect92	unknown	related
subjective	1365	0	4	good	1365-subjective0	positive	related
aspect	1365	5	12	product	1365-aspect1	unknown	related
aspect	1365	13	18	works	1365-aspect2	unknown	related
subjective	1365	19	23	good	1365-subjective3	positive	related
subjective	1365	26	39	very powerful	1365-subjective4	positive	related
aspect	1365	40	44	tool	1365-aspect5	unknown	related
aspect	1365	74	87	light clothes	1365-aspect6	unknown	related
subjective	1365	107	116	satisfied	1365-subjective7	positive	related
aspect	1365	141	149	diameter	1365-aspect8	unknown	related
aspect	1365	157	165	hosepipe	1365-aspect9	unknown	related
aspect	1365	202	205	tap	1365-aspect10	unknown	related
aspect	1365	234	239	smell	1365-aspect11	unknown	related
aspect	1365	248	253	smell	1365-aspect12	unknown	related
subjective	1365	257	267	not so bad	1365-subjective13	positive	related
subjective	1365	277	282	happy	1365-subjective14	positive	related
aspect	1365	288	290	it	1365-aspect15	unknown	related
aspect	1365	173	178	small	1365-aspect16	unknown	related
subjective	1365	169	172	too	1365-subjective17	negative	related
aspect	1365	122	124	it	1365-aspect18	unknown	related
aspect	1366	0	13	Wonder Washer	1366-aspect0	unknown	related
subjective	1366	78	89	no problems	1366-subjective1	positive	related
aspect	1366	99	105	return	1366-aspect2	unknown	related
subjective	1366	16	46	had to send the 1st order back	1366-subjective3	negative	related
aspect	1366	32	41	1st order	1366-aspect4	unknown	related
aspect	1366	111	122	replacement	1366-aspect5	unknown	related
aspect	1366	123	128	works	1366-aspect6	unknown	related
subjective	1366	129	133	fine	1366-subjective7	positive	related
subjective	1366	137	152	absolutely love	1366-subjective8	positive	related
aspect	1366	158	165	product	1366-aspect9	unknown	related
subjective	1366	173	180	compact	1366-subjective10	positive	related
subjective	1366	191	196	great	1366-subjective11	positive	related
aspect	1366	185	190	works	1366-aspect12	unknown	related
aspect	1366	201	214	undergarments	1366-aspect13	unknown	related
aspect	1366	216	231	gentle clothing	1366-aspect14	unknown	related
aspect	1366	237	244	beading	1366-aspect15	unknown	related
aspect	1366	249	272	dry clean only clothing	1366-aspect16	unknown	related
subjective	1366	274	282	Drawback	1366-subjective17	negative	related
aspect	1366	314	318	soap	1366-aspect18	unknown	related
subjective	1366	324	329	worth	1366-subjective19	positive	related
subjective	1366	337	357	absolutely recommend	1366-subjective20	positive	related
aspect	1366	363	376	wonder washer	1366-aspect21	unknown	related
aspect	1366	390	400	directions	1366-aspect22	unknown	related
subjective	1366	408	445	Thinking about getting one for my mom	1366-subjective23	positive	related
aspect	1366	330	332	it	1366-aspect24	unknown	related
aspect	1367	0	20	Haier Compact Washer	1367-aspect0	unknown	related
subjective	1367	21	52	Absolutly everything I expected	1367-subjective1	positive	related
aspect	1367	58	90	Haier HLP21E, 6 3/5 lb. capacity	1367-aspect2	unknown	related
aspect	1367	104	136	1/2 load of a regular sized drum	1367-aspect3	unknown	related
aspect	1367	138	144	Washes	1367-aspect4	unknown	related
subjective	1367	145	154	wonderful	1367-subjective5	positive	related
aspect	1367	159	164	spins	1367-aspect6	unknown	related
subjective	1367	256	278	no over-sudsing issues	1367-subjective7	positive	related
subjective	1367	336	353	much earlier than	1367-subjective8	positive	related
aspect	1367	358	380	esimated shipping date	1367-aspect9	unknown	related
aspect	1367	385	394	hooked up	1367-aspect10	unknown	related
subjective	1367	395	399	easy	1367-subjective11	positive	related
subjective	1367	408	416	no leaks	1367-subjective12	positive	related
subjective	1367	422	447	doesn't play Jingle Bells	1367-subjective13	positive	related
aspect	1367	460	475	previous models	1367-aspect14	unknown	foreign
subjective	1367	482	489	perfect	1367-subjective15	positive	related
aspect	1367	494	504	1-2 people	1367-aspect16	unknown	related
subjective	1367	527	559	probably not the most paractical	1367-subjective17	negative	related
aspect	1367	566	576	big family	1367-aspect18	unknown	foreign
subjective	1367	584	588	love	1367-subjective19	positive	related
aspect	1367	589	591	it	1367-aspect20	unknown	related
subjective	1367	868	884	Love, Love, Love	1367-subjective21	positive	related
subjective	1367	947	951	love	1367-subjective22	positive	related
subjective	1367	961	963	:D	1367-subjective23	positive	related
aspect	1367	997	1016	wheeled plant stand	1367-aspect24	unknown	foreign
aspect	1367	328	334	5 days	1367-aspect25	unknown	related
subjective	1367	743	752	I'm SAVED	1367-subjective26	positive	related
aspect	1367	952	954	it	1367-aspect27	unknown	related
subjective	1368	0	9	Wonderful	1368-subjective0	positive	related
aspect	1368	10	23	Little Washer	1368-aspect1	unknown	related
subjective	1368	24	37	Not a problem	1368-subjective2	positive	related
aspect	1368	66	69	box	1368-aspect3	unknown	related
subjective	1368	70	78	No leaks	1368-subjective4	positive	related
subjective	1368	80	85	quiet	1368-subjective5	positive	related
subjective	1368	87	91	fast	1368-subjective6	positive	related
subjective	1368	93	132	able to spin handwashed items just good	1368-subjective7	positive	related
aspect	1368	101	122	spin handwashed items	1368-aspect8	unknown	related
subjective	1368	133	143	all around	1368-subjective9	positive	related
aspect	1368	144	150	washer	1368-aspect10	unknown	related
aspect	1368	159	163	size	1368-aspect11	unknown	related
subjective	1368	38	58	worked as advertised	1368-subjective12	positive	related
subjective	1369	0	9	wonderful	1369-subjective0	positive	related
aspect	1369	10	17	machine	1369-aspect1	unknown	related
aspect	1369	47	54	machine	1369-aspect2	unknown	related
subjective	1369	55	68	fits right in	1369-subjective3	positive	related
aspect	1369	193	200	machine	1369-aspect4	unknown	related
subjective	1369	204	232	much quieter than I expected	1369-subjective5	positive	related
subjective	1369	244	253	great job	1369-subjective6	positive	related
aspect	1369	286	305	amount of detergent	1369-aspect7	unknown	related
aspect	1369	337	342	brand	1369-aspect8	unknown	related
subjective	1369	352	361	don't try	1369-subjective9	negative	related
aspect	1369	365	378	wash blankets	1369-aspect10	unknown	related
aspect	1369	383	389	sheets	1369-aspect11	unknown	related
subjective	1369	390	399	work well	1369-subjective12	positive	related
aspect	1369	414	427	two king size	1369-aspect13	unknown	related
subjective	1369	437	450	came out well	1369-subjective14	positive	related
aspect	1369	475	482	machine	1369-aspect15	unknown	related
subjective	1369	485	506	still have no regrets	1369-subjective16	positive	related
subjective	1369	514	548	paid for itself several times over	1369-subjective17	positive	related
aspect	1369	664	668	wash	1369-aspect18	unknown	related
subjective	1369	766	780	bit more noise	1369-subjective19	negative	related
aspect	1369	790	794	ball	1369-aspect20	unknown	foreign
aspect	1369	804	808	side	1369-aspect21	unknown	related
aspect	1370	0	4	Size	1370-aspect0	unknown	related
aspect	1370	6	19	Functionality	1370-aspect1	unknown	related
aspect	1370	25	32	Economy	1370-aspect2	unknown	related
aspect	1370	42	47	Dryer	1370-aspect3	unknown	related
aspect	1370	53	58	dryer	1370-aspect4	unknown	related
aspect	1370	74	78	size	1370-aspect5	unknown	related
subjective	1370	66	73	perfect	1370-subjective6	positive	related
subjective	1370	109	114	great	1370-subjective7	positive	related
aspect	1370	103	108	works	1370-aspect8	unknown	related
aspect	1370	127	140	Energy demand	1370-aspect9	unknown	related
subjective	1370	144	147	low	1370-subjective10	positive	related
aspect	1370	152	163	drycleaning	1370-aspect11	unknown	related
aspect	1371	0	13	Wonder Washer	1371-aspect0	unknown	related
aspect	1371	26	32	washer	1371-aspect1	unknown	related
subjective	1371	16	20	like	1371-subjective2	positive	related
aspect	1371	63	68	water	1371-aspect3	unknown	related
aspect	1371	110	121	rinse water	1371-aspect4	unknown	related
aspect	1371	138	151	light clothes	1371-aspect5	unknown	related
aspect	1371	233	244	baking soda	1371-aspect6	unknown	related
aspect	1371	246	259	not wash soda	1371-aspect7	unknown	foreign
aspect	1371	269	274	water	1371-aspect8	unknown	related
aspect	1371	329	349	electric hand washer	1371-aspect9	unknown	related
aspect	1371	487	507	clothes with spandex	1371-aspect10	unknown	related
aspect	1371	535	551	washing machines	1371-aspect11	unknown	foreign
aspect	1371	623	636	pair of jeans	1371-aspect12	unknown	related
subjective	1371	651	660	would not	1371-subjective13	negative	related
aspect	1371	679	686	machine	1371-aspect14	unknown	related
subjective	1371	663	671	too hard	1371-subjective15	negative	related
aspect	1371	693	702	first one	1371-aspect16	unknown	related
subjective	1371	703	737	leaked after only a couple of uses	1371-subjective17	negative	related
subjective	1371	745	753	returned	1371-subjective18	negative	related
aspect	1371	759	762	one	1371-aspect19	unknown	related
aspect	1371	788	793	these	1371-aspect20	unknown	related
subjective	1371	794	802	all leak	1371-subjective21	negative	related
subjective	1371	807	820	had to return	1371-subjective22	negative	related
aspect	1371	821	832	another one	1371-aspect23	unknown	related
aspect	1371	894	899	floor	1371-aspect24	unknown	related
aspect	1371	926	931	towel	1371-aspect25	unknown	related
aspect	1371	952	958	washer	1371-aspect26	unknown	related
aspect	1371	438	443	items	1371-aspect27	unknown	related
aspect	1371	299	304	rinse	1371-aspect28	unknown	related
subjective	1371	552	564	are too hard	1371-subjective29	positive	related
subjective	1371	871	886	puddle of water	1371-subjective30	negative	related
aspect	1372	160	167	machine	1372-aspect0	unknown	related
aspect	1372	80	83	box	1372-aspect1	unknown	related
aspect	1372	97	116	toy washing machine	1372-aspect2	unknown	related
aspect	1372	138	147	batteries	1372-aspect3	unknown	related
subjective	1372	168	180	did not work	1372-subjective4	negative	related
aspect	1372	205	221	box of batteries	1372-aspect5	unknown	related
aspect	1372	253	262	batteries	1372-aspect6	unknown	related
aspect	1372	280	283	toy	1372-aspect7	unknown	related
subjective	1372	293	316	DO NOT WASTE YOUR MONEY	1372-subjective8	negative	related
subjective	1372	382	386	junk	1372-subjective9	negative	related
subjective	1372	319	344	I am sorry I did not read	1372-subjective10	negative	related
aspect	1372	349	356	reviews	1372-aspect11	unknown	related
aspect	1372	389	393	This	1372-aspect12	unknown	related
subjective	1372	397	415	being shipped back	1372-subjective13	negative	related
subjective	1372	437	451	Lesson learned	1372-subjective14	negative	related
aspect	1372	5	12	machine	1372-aspect15	unknown	related
subjective	1372	16	29	all washed up	1372-subjective16	negative	related
subjective	1373	0	11	very useful	1373-subjective0	positive	related
aspect	1373	24	41	little spin dryer	1373-aspect1	unknown	related
subjective	1373	42	52	very handy	1373-subjective2	positive	related
aspect	1373	58	70	hand washing	1373-aspect3	unknown	related
subjective	1373	75	87	saving trips	1373-subjective4	positive	related
aspect	1373	95	105	laundromat	1373-aspect5	unknown	foreign
subjective	1373	110	129	works as advertised	1373-subjective6	positive	related
subjective	1373	137	149	surprisingly	1373-subjective7	positive	related
aspect	1373	150	155	quiet	1373-aspect8	unknown	related
aspect	1374	15	21	Washer	1374-aspect0	unknown	related
aspect	1374	34	51	30.25 inches deep	1374-aspect1	unknown	related
aspect	1374	62	69	machine	1374-aspect2	unknown	related
subjective	1374	53	57	Love	1374-subjective3	positive	related
subjective	1374	71	75	Love	1374-subjective4	positive	related
aspect	1374	80	88	features	1374-aspect5	unknown	related
subjective	1374	90	94	Hate	1374-subjective6	negative	related
aspect	1374	99	131	modification to the laundry room	1374-aspect7	unknown	related
aspect	1374	148	150	LG	1374-aspect8	unknown	related
aspect	1374	169	176	account	1374-aspect9	unknown	related
aspect	1374	181	195	necessary room	1374-aspect10	unknown	related
aspect	1374	199	226	accommodate attaching hoses	1374-aspect11	unknown	related
subjective	1374	246	255	neglected	1374-subjective12	negative	related
aspect	1374	275	287	curved front	1374-aspect13	unknown	related
aspect	1374	312	329	floor measurement	1374-aspect14	unknown	related
subjective	1374	353	372	could not have done	1374-subjective15	negative	related
aspect	1374	377	400	necessary modifications	1374-aspect16	unknown	related
subjective	1374	151	163	did not take	1374-subjective17	negative	related
subjective	1375	0	7	NO MORE	1375-subjective0	positive	related
aspect	1375	8	19	LAUNDRY DAY	1375-aspect1	unknown	foreign
aspect	1375	25	38	Little washer	1375-aspect2	unknown	related
subjective	1375	42	47	great	1375-subjective3	positive	related
subjective	1375	79	90	no problems	1375-subjective4	positive	related
aspect	1375	106	113	casters	1375-aspect5	unknown	related
subjective	1375	118	122	junk	1375-subjective6	positive	related
aspect	1375	141	154	rubber mounts	1375-aspect7	unknown	related
subjective	1375	167	172	light	1375-subjective8	positive	related
aspect	1375	194	198	sink	1375-aspect9	unknown	related
aspect	1375	234	241	machine	1375-aspect10	unknown	related
aspect	1375	247	258	heavy items	1375-aspect11	unknown	related
aspect	1375	298	326	two pair of dirty work pants	1375-aspect12	unknown	related
subjective	1375	349	361	not as clean	1375-subjective13	negative	related
aspect	1375	370	373	one	1375-aspect14	unknown	related
aspect	1375	381	392	pair of sox	1375-aspect15	unknown	related
aspect	1375	398	403	shirt	1375-aspect16	unknown	related
aspect	1375	404	430	one pair of pants per load	1375-aspect17	unknown	related
aspect	1375	436	442	sheets	1375-aspect18	unknown	related
subjective	1375	443	448	great	1375-subjective19	positive	related
aspect	1375	464	471	machine	1375-aspect20	unknown	related
subjective	1375	475	498	tends to get unbalanced	1375-subjective21	negative	related
aspect	1375	506	518	heavier load	1375-aspect22	unknown	related
subjective	1375	527	540	cant complain	1375-subjective23	positive	related
aspect	1375	545	553	spin dry	1375-aspect24	unknown	related
subjective	1375	557	568	really good	1375-subjective25	positive	related
subjective	1375	630	640	very quite	1375-subjective26	positive	related
subjective	1375	641	646	worth	1375-subjective27	positive	related
aspect	1375	651	656	money	1375-aspect28	unknown	related
subjective	1375	661	673	who can beat	1375-subjective29	positive	related
aspect	1375	674	687	free shipping	1375-aspect30	unknown	related
aspect	1375	688	694	amazon	1375-aspect31	unknown	related
subjective	1375	695	700	rocks	1375-subjective32	positive	related
aspect	1375	95	100	small	1375-aspect33	unknown	related
aspect	1375	335	344	get clean	1375-aspect34	unknown	related
subjective	1376	0	21	Gift From the Heavens	1376-subjective0	positive	related
aspect	1376	115	126	laundry mat	1376-aspect1	unknown	foreign
aspect	1376	251	262	laundry mat	1376-aspect2	unknown	foreign
aspect	1376	325	337	small washer	1376-aspect3	unknown	related
aspect	1376	399	410	Haier brand	1376-aspect4	unknown	related
aspect	1376	428	435	reviews	1376-aspect5	unknown	related
aspect	1376	470	480	home depot	1376-aspect6	unknown	related
subjective	1376	495	499	best	1376-subjective7	positive	related
aspect	1376	500	505	price	1376-aspect8	unknown	related
subjective	1376	510	524	most well know	1376-subjective9	positive	related
aspect	1376	525	532	website	1376-aspect10	unknown	related
aspect	1376	554	564	Home Depot	1376-aspect11	unknown	related
aspect	1376	611	621	$25.00 off	1376-aspect12	unknown	related
aspect	1376	650	655	price	1376-aspect13	unknown	related
subjective	1376	656	668	cheaper than	1376-subjective14	positive	related
aspect	1376	673	687	other websites	1376-aspect15	unknown	foreign
subjective	1376	694	714	We were happy so far	1376-subjective16	positive	related
subjective	1376	719	730	Even better	1376-subjective17	positive	related
aspect	1376	742	748	washer	1376-aspect18	unknown	related
subjective	1376	762	778	less than a week	1376-subjective19	positive	related
aspect	1376	806	827	Hooking up the washer	1376-aspect20	unknown	related
subjective	1376	832	842	super easy	1376-subjective21	positive	related
aspect	1376	864	869	hoses	1376-aspect22	unknown	related
aspect	1376	877	890	bathroom sink	1376-aspect23	unknown	related
subjective	1376	901	919	surprised how much	1376-subjective24	positive	related
aspect	1376	928	943	fit in one load	1376-aspect25	unknown	related
aspect	1376	949	961	largest load	1376-aspect26	unknown	related
subjective	1376	965	968	fit	1376-subjective27	positive	related
subjective	1376	973	989	washed perfectly	1376-subjective28	positive	related
aspect	1376	1012	1022	work jeans	1376-aspect29	unknown	related
aspect	1376	1035	1040	jeans	1376-aspect30	unknown	related
aspect	1376	1050	1057	3 loads	1376-aspect31	unknown	related
subjective	1376	1042	1083	In just 3 loads I had all my laundry done	1376-subjective32	positive	related
aspect	1376	1071	1078	laundry	1376-aspect33	unknown	related
subjective	1376	1092	1102	very quiet	1376-subjective34	positive	related
aspect	1376	1111	1126	swishing noises	1376-aspect35	unknown	related
aspect	1376	1175	1186	Downey ball	1376-aspect36	unknown	related
aspect	1376	1194	1198	work	1376-aspect37	unknown	related
subjective	1376	1199	1208	perfectly	1376-subjective38	positive	related
aspect	1376	1210	1227	Largest wash load	1376-aspect39	unknown	related
subjective	1376	1228	1249	took only about 45min	1376-subjective40	positive	related
subjective	1376	1251	1287	I'm so sorry I waited so long to buy	1376-subjective41	positive	related
aspect	1376	1293	1299	washer	1376-aspect42	unknown	related
aspect	1376	1304	1309	works	1376-aspect43	unknown	related
subjective	1376	1310	1315	great	1376-subjective44	positive	related
subjective	1376	1324	1334	very happy	1376-subjective45	positive	related
aspect	1376	1344	1348	size	1376-aspect46	unknown	related
aspect	1376	1353	1358	price	1376-aspect47	unknown	related
aspect	1376	1360	1381	Haier washing machine	1376-aspect48	unknown	related
aspect	1376	1382	1389	$219.00	1376-aspect49	unknown	related
aspect	1376	1391	1419	Price per YEAR to use:$38.00	1376-aspect50	unknown	related
subjective	1376	1580	1589	PRICELESS	1376-subjective51	positive	related
subjective	1376	88	149	For a year we've gone to a laundry mat with no A/C every week	1376-subjective52	positive	related
aspect	1376	371	383	120 v outlet	1376-aspect53	unknown	related
subjective	1376	534	553	To sweeten the deal	1376-subjective54	positive	related
subjective	1376	154	167	spend $25-$30	1376-subjective55	positive	related
aspect	1376	1467	1473	washer	1376-aspect56	unknown	related
aspect	1376	1550	1561	laundry mat	1376-aspect57	unknown	related
subjective	1377	0	36	Don't Think About It...Just Buy It!!	1377-subjective0	positive	related
aspect	1377	54	60	washer	1377-aspect1	unknown	related
aspect	1377	79	91	video review	1377-aspect2	unknown	related
aspect	1377	103	118	Amazon customer	1377-aspect3	unknown	related
aspect	1377	139	166	Amazon's Air & Water vendor	1377-aspect4	unknown	related
aspect	1377	172	180	delivery	1377-aspect5	unknown	related
subjective	1377	185	196	super quick	1377-subjective6	positive	related
aspect	1377	251	278	shipping notification email	1377-aspect7	unknown	related
aspect	1377	326	332	washer	1377-aspect8	unknown	related
subjective	1377	366	371	loved	1377-subjective9	positive	related
aspect	1377	401	412	Air & Water	1377-aspect10	unknown	related
aspect	1377	468	474	manual	1377-aspect11	unknown	related
subjective	1377	508	512	good	1377-subjective12	positive	related
aspect	1377	588	600	instructions	1377-aspect13	unknown	related
aspect	1377	615	621	manual	1377-aspect14	unknown	related
subjective	1377	702	722	probably have issues	1377-subjective15	negative	related
aspect	1377	733	739	washer	1377-aspect16	unknown	related
aspect	1377	755	767	bottom panel	1377-aspect17	unknown	related
aspect	1377	776	791	rolling casters	1377-aspect18	unknown	related
subjective	1377	825	844	most difficult part	1377-subjective19	negative	related
aspect	1377	861	865	hose	1377-aspect20	unknown	related
aspect	1377	882	888	faucet	1377-aspect21	unknown	related
aspect	1377	909	921	instructions	1377-aspect22	unknown	related
subjective	1377	947	954	perfect	1377-subjective23	positive	related
aspect	1377	960	971	no spraying	1377-aspect24	unknown	related
aspect	1377	991	1012	various size adapters	1377-aspect25	unknown	related
aspect	1377	1052	1066	type of faucet	1377-aspect26	unknown	related
aspect	1377	1099	1117	custom made faucet	1377-aspect27	unknown	related
aspect	1377	1141	1160	custom made adapter	1377-aspect28	unknown	related
aspect	1377	1173	1179	washer	1377-aspect29	unknown	related
aspect	1377	1188	1202	kitchen faucet	1377-aspect30	unknown	related
aspect	1377	1214	1220	worked	1377-aspect31	unknown	related
subjective	1377	1221	1226	great	1377-subjective32	positive	related
aspect	1377	1239	1248	grey tube	1377-aspect33	unknown	related
aspect	1377	1268	1273	water	1377-aspect34	unknown	related
aspect	1377	1309	1313	sink	1377-aspect35	unknown	related
aspect	1377	1339	1343	sink	1377-aspect36	unknown	related
aspect	1377	1500	1506	washer	1377-aspect37	unknown	related
subjective	1377	1517	1524	amazing	1377-subjective38	positive	related
subjective	1377	1530	1554	pros are an ongoing list	1377-subjective39	positive	related
subjective	1377	1569	1583	most important	1377-subjective40	positive	related
subjective	1377	1590	1595	small	1377-subjective41	positive	related
subjective	1377	1600	1609	efficient	1377-subjective42	positive	related
subjective	1377	1609	1626	handles all types	1377-subjective43	positive	related
aspect	1377	1630	1638	clothing	1377-aspect44	unknown	related
subjective	1377	1638	1650	doesn't leak	1377-subjective45	positive	related
aspect	1377	1651	1656	water	1377-aspect46	unknown	related
subjective	1377	1665	1676	able to use	1377-subjective47	positive	related
aspect	1377	1677	1698	any type of detergent	1377-aspect48	unknown	related
subjective	1377	1698	1703	quiet	1377-subjective49	positive	related
aspect	1377	1704	1714	spin cycle	1377-aspect50	unknown	related
aspect	1377	1781	1788	clothes	1377-aspect51	unknown	related
aspect	1377	1947	1954	machine	1377-aspect52	unknown	foreign
aspect	1377	1979	2010	lugging my clothes on the train	1377-aspect53	unknown	foreign
aspect	1377	2079	2086	machine	1377-aspect54	unknown	foreign
aspect	1377	2180	2188	clothing	1377-aspect55	unknown	related
aspect	1377	2251	2263	white shorts	1377-aspect56	unknown	related
aspect	1377	2442	2455	regular cycle	1377-aspect57	unknown	related
subjective	1377	2481	2488	pleased	1377-subjective58	positive	related
aspect	1377	2555	2562	machine	1377-aspect59	unknown	related
aspect	1377	2581	2600	15 loads of clothes	1377-aspect60	unknown	related
subjective	1377	2605	2626	gets everything clean	1377-subjective61	positive	related
aspect	1377	2630	2638	one wash	1377-aspect62	unknown	related
subjective	1377	2641	2648	no need	1377-subjective63	positive	related
aspect	1377	2652	2658	rewash	1377-aspect64	unknown	foreign
aspect	1377	2662	2669	prewash	1377-aspect65	unknown	foreign
subjective	1377	2674	2682	only con	1377-subjective66	positive	related
subjective	1377	2691	2704	I had no idea	1377-subjective67	positive	related
aspect	1377	2710	2716	washer	1377-aspect68	unknown	related
subjective	1377	2732	2747	by far the best	1377-subjective69	positive	related
aspect	1377	2748	2756	purchase	1377-aspect70	unknown	related
aspect	1377	2809	2816	clothes	1377-aspect71	unknown	related
subjective	1377	2842	2849	No more	1377-subjective72	positive	related
aspect	1377	2850	2881	hauling my clothes on the train	1377-aspect73	unknown	foreign
aspect	1377	2883	2893	laudromats	1377-aspect74	unknown	foreign
aspect	1377	2897	2907	encounters	1377-aspect75	unknown	foreign
aspect	1377	2917	2942	money deprived night owls	1377-aspect76	unknown	foreign
subjective	1377	1424	1476	yet to experience any firefighter hose-like activity	1377-subjective77	positive	related
subjective	1377	1962	1978	getting tired of	1377-subjective78	positive	related
aspect	1377	352	362	wet inside	1377-aspect79	unknown	related
subjective	1378	7	23	Perfect Solution	1378-subjective0	positive	related
subjective	1378	28	32	LOVE	1378-subjective1	positive	related
subjective	1378	74	79	nifty	1378-subjective2	positive	related
aspect	1378	80	94	little machine	1378-aspect3	unknown	related
subjective	1378	101	110	very easy	1378-subjective4	positive	related
aspect	1378	114	122	assemble	1378-aspect5	unknown	related
aspect	1378	127	134	operate	1378-aspect6	unknown	related
aspect	1378	139	161	weighs about 60 pounds	1378-aspect7	unknown	related
aspect	1378	177	199	slide-off top type box	1378-aspect8	unknown	related
aspect	1378	205	221	metal base plate	1378-aspect9	unknown	related
aspect	1378	232	246	top of the box	1378-aspect10	unknown	related
aspect	1378	256	263	machine	1378-aspect11	unknown	related
aspect	1378	272	282	FRONT side	1378-aspect12	unknown	related
aspect	1378	288	298	directions	1378-aspect13	unknown	related
aspect	1378	314	319	plate	1378-aspect14	unknown	related
subjective	1378	329	345	little difficult	1378-subjective15	negative	related
aspect	1378	357	362	plate	1378-aspect16	unknown	related
subjective	1378	370	384	not impossible	1378-subjective17	neutral	related
aspect	1378	397	405	2 screws	1378-aspect18	unknown	related
aspect	1378	410	415	holes	1378-aspect19	unknown	related
subjective	1378	453	480	didn't see it as a big deal	1378-subjective20	neutral	related
aspect	1378	486	491	plate	1378-aspect21	unknown	related
aspect	1378	549	564	operation noise	1378-aspect22	unknown	related
aspect	1378	581	595	inner workings	1378-aspect23	unknown	related
aspect	1378	643	650	machine	1378-aspect24	unknown	related
aspect	1378	655	662	machine	1378-aspect25	unknown	related
aspect	1378	674	687	leveling feet	1378-aspect26	unknown	related
aspect	1378	722	729	casters	1378-aspect27	unknown	related
aspect	1378	767	780	leveling feet	1378-aspect28	unknown	related
aspect	1378	798	805	casters	1378-aspect29	unknown	related
aspect	1378	832	839	machine	1378-aspect30	unknown	related
aspect	1378	863	870	casters	1378-aspect31	unknown	related
aspect	1378	879	889	flip locks	1378-aspect32	unknown	related
aspect	1378	898	903	wheel	1378-aspect33	unknown	related
aspect	1378	933	950	unlocked position	1378-aspect34	unknown	related
subjective	1378	955	959	easy	1378-subjective35	positive	related
aspect	1378	960	967	rolling	1378-aspect36	unknown	related
aspect	1378	991	998	front 2	1378-aspect37	unknown	related
aspect	1378	1049	1056	leveler	1378-aspect38	unknown	related
aspect	1378	1084	1091	machine	1378-aspect39	unknown	related
aspect	1378	1120	1129	operation	1378-aspect40	unknown	related
aspect	1378	1160	1174	balanced loads	1378-aspect41	unknown	related
aspect	1378	1180	1185	hoses	1378-aspect42	unknown	related
aspect	1378	1229	1235	pliers	1378-aspect43	unknown	related
aspect	1378	1284	1289	water	1378-aspect44	unknown	related
aspect	1378	1323	1346	included faucet adapter	1378-aspect45	unknown	related
aspect	1378	1374	1379	house	1378-aspect46	unknown	related
aspect	1378	1401	1411	water hose	1378-aspect47	unknown	related
aspect	1378	1437	1448	garden hose	1378-aspect48	unknown	related
subjective	1378	1412	1458	hooks up to the end of a garden hose perfectly	1378-subjective49	positive	related
aspect	1378	1500	1505	store	1378-aspect50	unknown	related
aspect	1378	1517	1521	hose	1378-aspect51	unknown	related
aspect	1378	1532	1538	window	1378-aspect52	unknown	related
aspect	1378	1547	1552	water	1378-aspect53	unknown	related
aspect	1378	1560	1567	machine	1378-aspect54	unknown	related
aspect	1378	1614	1621	machine	1378-aspect55	unknown	related
aspect	1378	1662	1675	shower nozzle	1378-aspect56	unknown	related
aspect	1378	1683	1686	tub	1378-aspect57	unknown	related
aspect	1378	1714	1718	rope	1378-aspect58	unknown	related
aspect	1378	1733	1750	washer drain hose	1378-aspect59	unknown	related
aspect	1378	1758	1762	hose	1378-aspect60	unknown	related
aspect	1378	1770	1776	shower	1378-aspect61	unknown	related
aspect	1378	1782	1787	water	1378-aspect62	unknown	related
aspect	1378	1881	1891	drain hose	1378-aspect63	unknown	related
aspect	1378	1911	1925	31 inches high	1378-aspect64	unknown	related
aspect	1378	1930	1957	no more than 40 inches high	1378-aspect65	unknown	related
aspect	1378	1981	1993	instructions	1378-aspect66	unknown	related
subjective	1378	2022	2031	wonderful	1378-subjective67	positive	related
aspect	1378	2032	2046	little machine	1378-aspect68	unknown	related
subjective	1378	2053	2060	compact	1378-subjective69	positive	related
aspect	1378	2079	2087	big boys	1378-aspect70	unknown	foreign
subjective	1378	2088	2111	does on a smaller scale	1378-subjective71	positive	related
subjective	1378	2119	2137	amazed at how well	1378-subjective72	positive	related
aspect	1378	2141	2156	cleaned clothes	1378-aspect73	unknown	related
aspect	1378	2162	2175	digital panel	1378-aspect74	unknown	related
subjective	1378	2179	2183	easy	1378-subjective75	positive	related
aspect	1378	2187	2194	operate	1378-aspect76	unknown	related
subjective	1378	2201	2205	love	1378-subjective77	positive	related
aspect	1378	2210	2226	clear lid on top	1378-aspect78	unknown	related
subjective	1378	2268	2274	smooth	1378-subjective79	positive	related
aspect	1378	2275	2280	setup	1378-aspect80	unknown	related
aspect	1378	2285	2294	operation	1378-aspect81	unknown	related
aspect	1378	2305	2323	instruction manual	1378-aspect82	unknown	related
aspect	1378	2336	2349	not very long	1378-aspect83	unknown	related
aspect	1378	2364	2374	understand	1378-aspect84	unknown	related
subjective	1378	2354	2360	simple	1378-subjective85	positive	related
aspect	1378	2415	2420	water	1378-aspect86	unknown	related
aspect	1378	2437	2441	hose	1378-aspect87	unknown	related
aspect	1378	2468	2471	box	1378-aspect88	unknown	related
aspect	1378	2526	2535	consumers	1378-aspect89	unknown	related
aspect	1378	2579	2586	machine	1378-aspect90	unknown	related
aspect	1378	2630	2641	retail sale	1378-aspect91	unknown	related
aspect	1378	2675	2682	machine	1378-aspect92	unknown	related
aspect	1378	33	35	it	1378-aspect93	unknown	related
subjective	1378	1190	1194	easy	1378-subjective94	positive	related
aspect	1378	1198	1205	connect	1378-aspect95	unknown	related
subjective	1378	1271	1317	prevents the water leaks others complain about	1378-subjective96	positive	related
aspect	1378	2560	2571	side effect	1378-aspect97	unknown	related
subjective	1379	0	5	Great	1379-subjective0	positive	related
aspect	1379	6	20	little machine	1379-aspect1	unknown	related
aspect	1379	35	42	machine	1379-aspect2	unknown	related
subjective	1379	70	77	cheaper	1379-subjective3	positive	related
aspect	1379	86	92	Amazon	1379-aspect4	unknown	related
aspect	1379	126	138	kids clothes	1379-aspect5	unknown	related
subjective	1379	149	158	WONDERFUL	1379-subjective6	positive	related
aspect	1379	190	205	washing machine	1379-aspect7	unknown	foreign
subjective	1379	222	226	Easy	1379-subjective8	positive	related
aspect	1379	230	236	set up	1379-aspect9	unknown	related
aspect	1379	241	246	works	1379-aspect10	unknown	related
subjective	1379	247	252	great	1379-subjective11	positive	related
subjective	1380	0	5	Great	1380-subjective0	positive	related
aspect	1380	6	9	buy	1380-aspect1	unknown	related
aspect	1380	18	23	price	1380-aspect2	unknown	related
subjective	1380	38	48	well worth	1380-subjective3	positive	related
aspect	1380	53	58	money	1380-aspect4	unknown	related
aspect	1380	78	93	5 gallon bucket	1380-aspect5	unknown	related
subjective	1380	126	137	doesn't get	1380-subjective6	negative	related
aspect	1380	142	160	little food stains	1380-aspect7	unknown	foreign
subjective	1380	184	212	does get everything else out	1380-subjective8	positive	related
aspect	1380	214	220	smells	1380-aspect9	unknown	related
aspect	1380	222	228	grease	1380-aspect10	unknown	related
aspect	1380	270	276	stains	1380-aspect11	unknown	related
aspect	1380	374	381	clothes	1380-aspect12	unknown	related
subjective	1380	386	411	may make them last longer	1380-subjective13	positive	related
subjective	1380	413	420	No more	1380-subjective14	positive	related
aspect	1380	421	459	lugging my load of laundry into my car	1380-aspect15	unknown	foreign
aspect	1380	476	479	mat	1380-aspect16	unknown	foreign
aspect	1380	500	507	bathtub	1380-aspect17	unknown	related
subjective	1380	509	516	Perfect	1380-subjective18	positive	related
aspect	1380	529	536	student	1380-aspect19	unknown	related
aspect	1380	551	560	apartment	1380-aspect20	unknown	related
subjective	1380	567	577	saves time	1380-subjective21	positive	related
aspect	1380	599	609	small load	1380-aspect22	unknown	related
subjective	1380	610	639	done in less than ten minutes	1380-subjective23	positive	related
aspect	1380	641	645	wash	1380-aspect24	unknown	related
aspect	1380	650	655	rinse	1380-aspect25	unknown	related
subjective	1380	662	667	saves	1380-subjective26	positive	related
aspect	1380	668	679	electricity	1380-aspect27	unknown	related
aspect	1380	683	707	working off muscle-power	1380-aspect28	unknown	related
subjective	1380	711	755	feel like I get a little workout from it too	1380-subjective29	positive	related
aspect	1380	757	768	2-in-1 tool	1380-aspect30	unknown	related
subjective	1380	770	777	awesome	1380-subjective31	positive	related
subjective	1381	0	20	So glad I found this	1381-subjective0	positive	related
aspect	1381	41	50	washboard	1381-aspect1	unknown	foreign
aspect	1381	60	67	laundry	1381-aspect2	unknown	related
aspect	1381	164	173	washboard	1381-aspect3	unknown	foreign
aspect	1381	179	189	Amazon.com	1381-aspect4	unknown	related
subjective	1381	271	275	love	1381-subjective5	positive	related
aspect	1381	276	278	it	1381-aspect6	unknown	related
aspect	1381	287	294	reviews	1381-aspect7	unknown	related
aspect	1381	307	319	broom handle	1381-aspect8	unknown	related
aspect	1381	327	347	Hand washing machine	1381-aspect9	unknown	related
aspect	1381	400	412	hand washing	1381-aspect10	unknown	related
aspect	1381	437	448	laundry mat	1381-aspect11	unknown	foreign
subjective	1381	456	468	breaking out	1381-subjective12	positive	related
aspect	1381	526	538	hand washing	1381-aspect13	unknown	related
aspect	1381	588	597	detergent	1381-aspect14	unknown	related
aspect	1381	608	615	clothes	1381-aspect15	unknown	related
aspect	1381	622	627	thing	1381-aspect16	unknown	related
subjective	1381	631	636	great	1381-subjective17	positive	related
aspect	1381	651	665	tub of clothes	1381-aspect18	unknown	related
aspect	1381	698	707	detergent	1381-aspect19	unknown	related
aspect	1381	718	726	clothing	1381-aspect20	unknown	related
aspect	1381	795	802	clothes	1381-aspect21	unknown	related
aspect	1381	815	820	items	1381-aspect22	unknown	related
subjective	1381	855	875	definitely recommend	1381-subjective23	positive	related
aspect	1381	914	924	detergents	1381-aspect24	unknown	related
subjective	1381	968	987	gets everything out	1381-subjective25	positive	related
aspect	1381	995	1003	clothing	1381-aspect26	unknown	related
subjective	1381	1009	1013	less	1381-subjective27	positive	related
aspect	1381	1014	1018	work	1381-aspect28	unknown	related
aspect	1381	1031	1055	traditional hand washing	1381-aspect29	unknown	foreign
aspect	1381	1063	1070	product	1381-aspect30	unknown	related
subjective	1381	1057	1062	Great	1381-subjective31	positive	related
subjective	1381	1072	1074	:)	1381-subjective32	positive	related
subjective	1381	673	682	less time	1381-subjective33	positive	related
subjective	1381	687	726	really get detergent out of my clothing	1381-subjective34	positive	related
aspect	1382	4	11	reviews	1382-aspect0	unknown	related
aspect	1382	25	40	washing machine	1382-aspect1	unknown	foreign
subjective	1382	53	79	doesn't work half the time	1382-subjective2	positive	related
aspect	1382	102	109	clothes	1382-aspect3	unknown	related
aspect	1382	173	180	clothes	1382-aspect4	unknown	related
aspect	1382	200	211	boardshorts	1382-aspect5	unknown	related
aspect	1382	213	224	undershirts	1382-aspect6	unknown	related
aspect	1382	226	231	socks	1382-aspect7	unknown	related
aspect	1382	236	249	work uniforms	1382-aspect8	unknown	related
aspect	1382	256	263	reviews	1382-aspect9	unknown	related
aspect	1382	291	295	tool	1382-aspect10	unknown	related
aspect	1382	300	308	currants	1382-aspect11	unknown	related
subjective	1382	309	318	VERY good	1382-subjective12	positive	related
subjective	1382	326	347	gets tough stains out	1382-subjective13	positive	related
aspect	1382	331	343	tough stains	1382-aspect14	unknown	related
aspect	1382	399	410	broom stick	1382-aspect15	unknown	foreign
aspect	1382	449	454	stock	1382-aspect16	unknown	related
aspect	1382	455	460	stock	1382-aspect17	unknown	related
subjective	1382	348	350	:)	1382-subjective18	positive	related
subjective	1383	4	8	best	1383-subjective0	positive	related
aspect	1383	9	25	back pack washer	1383-aspect1	unknown	related
aspect	1383	47	68	extra big back packer	1383-aspect2	unknown	related
aspect	1383	82	94	not flexible	1383-aspect3	unknown	related
aspect	1383	127	131	room	1383-aspect4	unknown	related
aspect	1383	233	240	clothes	1383-aspect5	unknown	related
aspect	1383	255	261	washer	1383-aspect6	unknown	related
aspect	1383	321	325	room	1383-aspect7	unknown	related
aspect	1383	334	340	washer	1383-aspect8	unknown	related
aspect	1383	359	366	clothes	1383-aspect9	unknown	related
subjective	1383	246	261	take the washer	1383-subjective10	positive	related
subjective	1384	0	27	How did I live without it??	1384-subjective0	positive	related
aspect	1384	46	52	washer	1384-aspect1	unknown	related
aspect	1384	225	237	laundry room	1384-aspect2	unknown	foreign
aspect	1384	673	679	washer	1384-aspect3	unknown	related
subjective	1384	731	741	life saver	1384-subjective4	positive	related
aspect	1384	745	751	washes	1384-aspect5	unknown	related
subjective	1384	752	763	better then	1384-subjective6	positive	related
aspect	1384	768	792	ones in the laundry room	1384-aspect7	unknown	foreign
subjective	1384	826	835	it's free	1384-subjective8	positive	related
subjective	1384	837	935	I'm not sure why other people complained of it's capacity or this noise problem as we have neither	1384-subjective9	positive	related
aspect	1384	954	961	kitchen	1384-aspect10	unknown	related
aspect	1384	996	1014	living/dining room	1384-aspect11	unknown	related
subjective	1384	1117	1124	awesome	1384-subjective12	positive	related
aspect	1384	1174	1183	hard spin	1384-aspect13	unknown	related
aspect	1384	1276	1284	capacity	1384-aspect14	unknown	related
subjective	1384	1286	1305	it's not that small	1384-subjective15	positive	related
aspect	1384	1312	1324	regular load	1384-aspect16	unknown	related
aspect	1384	1338	1348	4 t shirts	1384-aspect17	unknown	related
aspect	1384	1350	1368	1 pair of pj pants	1384-aspect18	unknown	related
aspect	1384	1370	1389	1 pair of pj shorts	1384-aspect19	unknown	related
aspect	1384	1398	1403	socks	1384-aspect20	unknown	related
aspect	1384	1404	1410	undies	1384-aspect21	unknown	related
aspect	1384	1443	1450	2 pairs	1384-aspect22	unknown	related
aspect	1384	1454	1459	jeans	1384-aspect23	unknown	related
aspect	1384	1460	1471	heavy pants	1384-aspect24	unknown	related
aspect	1384	1475	1488	1 queen sheet	1384-aspect25	unknown	related
aspect	1384	1494	1508	2 pillow cases	1384-aspect26	unknown	related
aspect	1384	1512	1525	4 crib sheets	1384-aspect27	unknown	related
subjective	1384	1551	1555	good	1384-subjective28	positive	related
aspect	1384	1556	1562	amount	1384-aspect29	unknown	related
aspect	1384	1575	1587	small washer	1384-aspect30	unknown	related
subjective	1384	1624	1651	NEVER had a leaking problem	1384-subjective31	positive	related
aspect	1384	1706	1717	connections	1384-aspect32	unknown	related
aspect	1384	1741	1753	level ground	1384-aspect33	unknown	related
subjective	1384	1807	1832	only thing I can complain	1384-subjective34	negative	related
subjective	1384	1855	1877	tend to get unbalanced	1384-subjective35	negative	related
aspect	1384	1933	1945	rinse cycles	1384-aspect36	unknown	related
aspect	1384	1984	1989	water	1384-aspect37	unknown	related
aspect	1384	2004	2015	first rinse	1384-aspect38	unknown	related
aspect	1384	2060	2067	clothes	1384-aspect39	unknown	related
aspect	1384	2112	2121	spin only	1384-aspect40	unknown	related
subjective	1384	2123	2153	Never an issue as I never have	1384-subjective41	positive	related
aspect	1384	2182	2188	washer	1384-aspect42	unknown	related
subjective	1384	2218	2233	absolutely LOVE	1384-subjective43	positive	related
aspect	1384	2239	2246	machine	1384-aspect44	unknown	related
subjective	1384	2251	2268	would buy another	1384-subjective45	positive	related
aspect	1384	181	188	2 loads	1384-aspect46	unknown	related
subjective	1384	258	268	very small	1384-subjective47	positive	related
subjective	1384	294	308	VERY expensive	1384-subjective48	positive	related
aspect	1384	410	416	washer	1384-aspect49	unknown	foreign
aspect	1384	437	444	washers	1384-aspect50	unknown	foreign
aspect	1384	445	450	dyers	1384-aspect51	unknown	foreign
subjective	1384	1019	1046	dont have to turn the TV up	1384-subjective52	positive	related
subjective	1384	380	400	had to STAND IN LINE	1384-subjective53	positive	related
subjective	1384	560	592	very annoying and time consuming	1384-subjective54	positive	related
subjective	1385	0	19	Perfect Alternative	1385-subjective0	positive	related
aspect	1385	42	47	space	1385-aspect1	unknown	related
aspect	1385	136	143	clothes	1385-aspect2	unknown	related
aspect	1385	216	244	apartment's laundry facility	1385-aspect3	unknown	foreign
subjective	1385	256	269	giant step up	1385-subjective4	positive	related
aspect	1385	275	287	hand washing	1385-aspect5	unknown	related
aspect	1385	345	355	hand crank	1385-aspect6	unknown	related
subjective	1385	359	370	really easy	1385-subjective7	positive	related
subjective	1385	410	439	takes me a fourth of the time	1385-subjective8	positive	related
aspect	1385	451	462	handwashing	1385-aspect9	unknown	foreign
aspect	1385	484	496	instructions	1385-aspect10	unknown	related
aspect	1385	504	509	works	1385-aspect11	unknown	related
subjective	1385	510	515	great	1385-subjective12	positive	related
aspect	1385	544	551	reviews	1385-aspect13	unknown	related
subjective	1385	294	314	really saves me time	1385-subjective14	positive	related
subjective	1386	0	30	Wish I had bought one ages ago	1386-subjective0	positive	related
subjective	1386	31	46	So far, so good	1386-subjective1	positive	related
subjective	1386	96	112	highly recommend	1386-subjective2	positive	related
subjective	1387	0	24	You get what you pay for	1387-subjective0	positive	related
aspect	1387	72	86	Wonderwash(er)	1387-aspect1	unknown	related
subjective	1387	93	102	excellent	1387-subjective2	positive	related
aspect	1387	103	120	supplemental tool	1387-aspect3	unknown	related
aspect	1387	139	154	kitchen counter	1387-aspect4	unknown	related
subjective	1387	165	176	very useful	1387-subjective5	positive	related
aspect	1387	239	249	Laundromat	1387-aspect6	unknown	foreign
aspect	1387	263	270	clothes	1387-aspect7	unknown	related
aspect	1387	313	320	process	1387-aspect8	unknown	related
aspect	1387	371	380	detergent	1387-aspect9	unknown	related
subjective	1387	445	460	only difficulty	1387-subjective10	negative	related
aspect	1387	479	535	ability to wash out neck stain without an overnight soak	1387-aspect11	unknown	foreign
subjective	1387	554	568	not displeased	1387-subjective12	positive	related
aspect	1387	577	585	purchase	1387-aspect13	unknown	related
aspect	1387	435	440	smell	1387-aspect14	unknown	related
subjective	1388	80	85	loved	1388-subjective0	positive	related
aspect	1388	90	97	concept	1388-aspect1	unknown	related
aspect	1388	119	126	laundry	1388-aspect2	unknown	related
aspect	1388	140	145	cabin	1388-aspect3	unknown	related
aspect	1388	193	204	laundry mat	1388-aspect4	unknown	foreign
subjective	1388	209	253	actually holds MORE then we thought it would	1388-subjective5	positive	related
aspect	1388	31	36	cabin	1388-aspect6	unknown	related
subjective	1390	0	26	Excellent For What You Get	1390-subjective0	positive	related
aspect	1390	33	39	bucket	1390-aspect1	unknown	related
aspect	1390	47	61	motor attached	1390-aspect2	unknown	related
aspect	1390	88	95	clothes	1390-aspect3	unknown	related
aspect	1390	136	143	clothes	1390-aspect4	unknown	related
subjective	1390	153	159	whiter	1390-subjective5	positive	related
subjective	1390	164	179	fresher looking	1390-subjective6	positive	related
aspect	1390	219	233	large machines	1390-aspect7	unknown	foreign
aspect	1390	334	343	works out	1390-aspect8	unknown	related
subjective	1390	344	348	fine	1390-subjective9	positive	related
subjective	1390	381	391	well worth	1390-subjective10	positive	related
aspect	1390	392	398	buying	1390-aspect11	unknown	related
subjective	1390	72	87	get way to wash	1390-subjective12	positive	related
aspect	1391	0	12	Haier Washer	1391-aspect0	unknown	related
subjective	1391	26	37	most useful	1391-subjective1	positive	related
aspect	1391	38	43	thing	1391-aspect2	unknown	related
aspect	1391	95	102	clothes	1391-aspect3	unknown	related
subjective	1391	103	115	really clean	1391-subjective4	positive	related
aspect	1391	140	154	bigger washers	1391-aspect5	unknown	foreign
subjective	1391	122	132	comparable	1391-subjective6	positive	related
aspect	1391	190	214	doesn't have an agitator	1391-aspect7	unknown	related
aspect	1391	224	236	garagespigot	1391-aspect8	unknown	related
aspect	1391	264	271	kitchen	1391-aspect9	unknown	related
subjective	1391	276	280	love	1391-subjective10	positive	related
aspect	1391	281	290	thatthing	1391-aspect11	unknown	related
aspect	1391	307	325	select water level	1391-aspect12	unknown	related
aspect	1391	328	338	quick wash	1391-aspect13	unknown	related
aspect	1391	344	354	heavy wash	1391-aspect14	unknown	related
aspect	1391	400	413	little washer	1391-aspect15	unknown	related
subjective	1391	366	389	so much that you can do	1391-subjective16	positive	related
aspect	1391	431	448	laundry detergent	1391-aspect17	unknown	related
aspect	1391	480	496	wash cycle twice	1391-aspect18	unknown	related
subjective	1391	521	535	very versatile	1391-subjective19	positive	related
subjective	1391	163	174	get more in	1391-subjective20	positive	related
subjective	1392	0	15	Very convenient	1392-subjective0	positive	related
subjective	1392	34	39	nifty	1392-subjective1	positive	related
aspect	1392	40	44	item	1392-aspect2	unknown	related
subjective	1392	53	63	life saver	1392-subjective3	positive	related
aspect	1392	155	165	laundrette	1392-aspect4	unknown	foreign
aspect	1392	200	211	heavy jeans	1392-aspect5	unknown	related
subjective	1392	225	238	only downside	1392-subjective6	negative	related
aspect	1392	252	263	no draining	1392-aspect7	unknown	related
aspect	1392	293	297	sink	1392-aspect8	unknown	related
aspect	1392	306	313	clothes	1392-aspect9	unknown	related
subjective	1392	423	441	absolutely perfect	1392-subjective10	positive	related
aspect	1392	448	457	dorm room	1392-aspect11	unknown	related
aspect	1393	0	10	LG Support	1393-aspect0	unknown	related
subjective	1393	14	22	dreadful	1393-subjective1	negative	related
subjective	1393	25	36	steer clear	1393-subjective2	negative	related
aspect	1393	51	55	unit	1393-aspect3	unknown	related
aspect	1393	66	87	Applicance Connection	1393-aspect4	unknown	related
aspect	1393	103	112	appliance	1393-aspect5	unknown	related
aspect	1393	127	132	store	1393-aspect6	unknown	related
aspect	1393	138	142	unit	1393-aspect7	unknown	related
aspect	1393	143	150	arrived	1393-aspect8	unknown	related
subjective	1393	151	157	broken	1393-subjective9	negative	related
subjective	1393	175	183	battling	1393-subjective10	negative	related
aspect	1393	184	186	LG	1393-aspect11	unknown	related
aspect	1393	303	310	concept	1393-aspect12	unknown	related
subjective	1393	332	339	awesome	1393-subjective13	positive	related
aspect	1393	341	343	LG	1393-aspect14	unknown	related
subjective	1393	349	358	nightmare	1393-subjective15	negative	related
aspect	1393	366	382	customer support	1393-aspect16	unknown	related
subjective	1393	386	394	shameful	1393-subjective17	negative	related
subjective	1393	399	415	we are suffering	1393-subjective18	negative	related
aspect	1393	473	486	service calls	1393-aspect19	unknown	related
aspect	1393	201	217	8 services calls	1393-aspect20	unknown	related
subjective	1393	491	510	still no resolution	1393-subjective21	negative	related
aspect	1393	521	526	brick	1393-aspect22	unknown	foreign
aspect	1393	531	537	mortar	1393-aspect23	unknown	foreign
aspect	1393	573	582	customers	1393-aspect24	unknown	related
subjective	1393	660	668	SHAMEFUL	1393-subjective25	negative	related
aspect	1393	623	635	manufacturer	1393-aspect26	unknown	related
subjective	1393	652	658	issues	1393-subjective27	negative	related
aspect	1393	673	684	actual unit	1393-aspect28	unknown	related
aspect	1393	703	710	concept	1393-aspect29	unknown	related
subjective	1393	697	702	great	1393-subjective30	positive	related
subjective	1393	717	740	pray you get a good one	1393-subjective31	negative	related
subjective	1393	265	291	still "reviewing" our case	1393-subjective32	negative	related
subjective	1394	0	5	Great	1394-subjective0	positive	related
aspect	1394	6	19	little washer	1394-aspect1	unknown	related
subjective	1394	22	26	Love	1394-subjective2	positive	related
aspect	1394	37	44	machine	1394-aspect3	unknown	related
subjective	1394	50	59	very good	1394-subjective4	positive	related
aspect	1394	60	70	investment	1394-aspect5	unknown	related
aspect	1394	80	99	electronic controls	1394-aspect6	unknown	related
subjective	1394	113	117	nice	1394-subjective7	positive	related
aspect	1394	118	129	beep signal	1394-aspect8	unknown	related
aspect	1394	139	144	cycle	1394-aspect9	unknown	related
aspect	1394	184	195	beep signal	1394-aspect10	unknown	related
aspect	1394	203	207	load	1394-aspect11	unknown	related
aspect	1394	242	247	noise	1394-aspect12	unknown	related
aspect	1394	258	263	cycle	1394-aspect13	unknown	related
subjective	1394	279	289	VERY QUIET	1394-subjective14	positive	related
aspect	1394	296	316	hook-up instructions	1394-aspect15	unknown	related
aspect	1394	326	333	machine	1394-aspect16	unknown	related
subjective	1394	338	344	simple	1394-subjective17	positive	related
subjective	1394	350	355	great	1394-subjective18	positive	related
aspect	1394	362	374	small family	1394-aspect19	unknown	related
aspect	1394	397	410	large machine	1394-aspect20	unknown	foreign
subjective	1394	378	394	thought I needed	1394-subjective21	positive	related
aspect	1394	427	434	machine	1394-aspect22	unknown	related
subjective	1394	417	461	with this machine that's definitely not true	1394-subjective23	positive	related
subjective	1394	464	491	I'm so happy I didn't spend	1394-subjective24	positive	related
aspect	1394	492	504	$700 or more	1394-aspect25	unknown	foreign
aspect	1394	510	525	washing machine	1394-aspect26	unknown	foreign
aspect	1394	546	562	full size sheets	1394-aspect27	unknown	related
aspect	1394	635	642	$200.00	1394-aspect28	unknown	related
subjective	1394	653	662	go for it	1394-subjective29	positive	related
subjective	1394	720	725	great	1394-subjective30	positive	related
aspect	1394	706	716	everything	1394-aspect31	unknown	related
subjective	1394	802	826	little engine that could	1394-subjective32	positive	related
subjective	1394	533	540	able to	1394-subjective33	positive	related
aspect	1394	27	29	it	1394-aspect34	unknown	related
aspect	1394	579	585	sheets	1394-aspect35	unknown	related
aspect	1395	19	30	heavy items	1395-aspect0	unknown	related
subjective	1395	36	48	still a good	1395-subjective1	positive	related
aspect	1395	49	52	buy	1395-aspect2	unknown	related
aspect	1395	69	79	spin dryer	1395-aspect3	unknown	related
aspect	1395	116	121	jeans	1395-aspect4	unknown	related
aspect	1395	177	187	spin cycle	1395-aspect5	unknown	related
aspect	1395	207	212	water	1395-aspect6	unknown	related
aspect	1395	220	231	heavy items	1395-aspect7	unknown	related
aspect	1395	255	267	longer cycle	1395-aspect8	unknown	related
aspect	1395	270	284	under-garments	1395-aspect9	unknown	related
aspect	1395	289	295	shirts	1395-aspect10	unknown	related
subjective	1395	307	325	absolutely perfect	1395-subjective11	positive	related
aspect	1395	369	381	hard surface	1395-aspect12	unknown	related
aspect	1395	390	393	use	1395-aspect13	unknown	related
aspect	1395	403	410	tumbler	1395-aspect14	unknown	related
aspect	1395	460	465	place	1395-aspect15	unknown	related
subjective	1395	486	491	quiet	1395-subjective16	positive	related
aspect	1395	492	496	spin	1395-aspect17	unknown	related
aspect	1395	526	534	spin dry	1395-aspect18	unknown	related
subjective	1395	554	580	wish it came with a longer	1395-subjective19	negative	related
aspect	1395	581	585	hose	1395-aspect20	unknown	foreign
aspect	1395	609	630	extra connecting hose	1395-aspect21	unknown	related
subjective	1395	638	650	can be messy	1395-subjective22	negative	related
subjective	1395	690	700	very happy	1395-subjective23	positive	related
aspect	1395	711	719	purchase	1395-aspect24	unknown	related
subjective	1395	0	13	Rattles a bit	1395-subjective25	negative	related
subjective	1395	126	148	rattled a bit too much	1395-subjective26	negative	related
aspect	1396	28	35	product	1396-aspect0	unknown	related
aspect	1396	77	82	money	1396-aspect1	unknown	related
subjective	1396	0	22	broken from the get go	1396-subjective2	negative	related
subjective	1396	41	47	broken	1396-subjective3	negative	related
subjective	1396	52	55	wet	1396-subjective4	negative	related
subjective	1396	59	73	complete waste	1396-subjective5	negative	related
subjective	1396	149	156	how bad	1396-subjective6	negative	related
aspect	1396	162	219	machineHaier HLP21N Pulsator 1-Cubic-Foot Portable Washer	1396-aspect7	unknown	related
subjective	1396	92	102	better off	1396-subjective8	negative	related
aspect	1396	116	123	clothes	1396-aspect9	unknown	related
aspect	1396	124	137	in your hands	1396-aspect10	unknown	related
subjective	1397	0	21	Not exactly a "wonder	1397-subjective0	neutral	related
aspect	1397	27	32	works	1397-aspect1	unknown	related
subjective	1397	33	35	ok	1397-subjective2	neutral	related
aspect	1397	40	47	diapers	1397-aspect3	unknown	related
aspect	1397	56	66	wonderwash	1397-aspect4	unknown	related
aspect	1397	116	129	cloth diapers	1397-aspect5	unknown	related
aspect	1397	149	159	wonderwash	1397-aspect6	unknown	related
aspect	1397	160	165	works	1397-aspect7	unknown	related
subjective	1397	166	168	ok	1397-subjective8	neutral	related
aspect	1397	177	184	diapers	1397-aspect9	unknown	related
aspect	1397	268	275	diapers	1397-aspect10	unknown	related
aspect	1397	283	292	detergent	1397-aspect11	unknown	related
aspect	1397	324	331	diapers	1397-aspect12	unknown	related
subjective	1397	341	353	better clean	1397-subjective13	positive	related
aspect	1397	371	381	wonderwash	1397-aspect14	unknown	related
aspect	1397	386	405	thin cotton tshirts	1397-aspect15	unknown	related
aspect	1397	413	419	worked	1397-aspect16	unknown	related
subjective	1397	420	424	fine	1397-subjective17	positive	related
aspect	1397	583	589	washer	1397-aspect18	unknown	foreign
aspect	1397	678	686	clothing	1397-aspect19	unknown	related
aspect	1397	714	719	shirt	1397-aspect20	unknown	related
aspect	1397	725	731	stains	1397-aspect21	unknown	related
aspect	1397	768	773	shirt	1397-aspect22	unknown	related
subjective	1397	778	791	just as dirty	1397-subjective23	negative	related
subjective	1397	828	860	can't really see it working well	1397-subjective24	negative	related
aspect	1397	865	870	jeans	1397-aspect25	unknown	related
aspect	1397	874	887	heavy fabrics	1397-aspect26	unknown	related
aspect	1397	946	955	structure	1397-aspect27	unknown	related
aspect	1397	963	973	wonderwash	1397-aspect28	unknown	related
subjective	1397	977	989	pretty cheap	1397-subjective29	negative	related
aspect	1397	995	999	base	1397-aspect30	unknown	related
subjective	1397	1003	1013	very shaky	1397-subjective31	negative	related
aspect	1397	1022	1033	little tabs	1397-aspect32	unknown	related
aspect	1397	1043	1048	holes	1397-aspect33	unknown	related
aspect	1397	1059	1063	base	1397-aspect34	unknown	related
subjective	1397	1116	1123	4 stars	1397-subjective35	positive	related
aspect	1397	1148	1155	diapers	1397-aspect36	unknown	related
subjective	1397	1163	1184	successfully cleaning	1397-subjective37	positive	related
aspect	1397	1185	1189	poop	1397-aspect38	unknown	related
aspect	1397	1194	1197	pee	1397-aspect39	unknown	related
subjective	1397	1230	1251	no staining or smells	1397-subjective40	positive	related
aspect	1397	1233	1241	staining	1397-aspect41	unknown	related
aspect	1397	1245	1251	smells	1397-aspect42	unknown	related
aspect	1397	1324	1334	wonderwash	1397-aspect43	unknown	related
aspect	1397	1380	1388	purchase	1397-aspect44	unknown	related
subjective	1397	1366	1371	Happy	1397-subjective45	positive	related
subjective	1397	558	580	don't see it replacing	1397-subjective46	negative	related
subjective	1397	1079	1099	continually fall off	1397-subjective47	negative	related
subjective	1397	1338	1364	part of the system as well	1397-subjective48	positive	related
subjective	1398	0	9	very good	1398-subjective0	positive	related
aspect	1398	10	17	looking	1398-aspect1	unknown	related
aspect	1398	22	30	performs	1398-aspect2	unknown	related
subjective	1398	31	39	terribly	1398-subjective3	positive	related
aspect	1398	92	98	washer	1398-aspect4	unknown	related
aspect	1398	99	104	dryer	1398-aspect5	unknown	related
aspect	1398	121	137	particular model	1398-aspect6	unknown	related
aspect	1398	185	191	looked	1398-aspect7	unknown	related
subjective	1398	192	211	absolutely gorgeous	1398-subjective8	positive	related
subjective	1398	213	219	modern	1398-subjective9	positive	related
subjective	1398	225	240	top of the line	1398-subjective10	positive	related
subjective	1398	242	250	pristine	1398-subjective11	positive	related
aspect	1398	268	275	clothes	1398-aspect12	unknown	related
subjective	1398	298	306	crumpled	1398-subjective13	negative	related
aspect	1398	314	320	corner	1398-aspect14	unknown	related
subjective	1398	326	352	tons of knots and wrinkles	1398-subjective15	negative	related
aspect	1398	366	371	dryer	1398-aspect16	unknown	related
subjective	1398	372	393	couldn't dry anything	1398-subjective17	negative	related
aspect	1398	405	422	4 hours of drying	1398-aspect18	unknown	related
aspect	1398	438	445	machine	1398-aspect19	unknown	related
subjective	1398	446	450	lags	1398-subjective20	negative	related
subjective	1398	455	478	malfunctions constantly	1398-subjective21	negative	related
subjective	1398	524	557	not judge a book.... by its cover	1398-subjective22	negative	related
aspect	1398	564	571	product	1398-aspect23	unknown	related
subjective	1398	572	587	deserves 1 star	1398-subjective24	negative	related
subjective	1398	602	614	sent it back	1398-subjective25	negative	related
aspect	1398	622	627	store	1398-aspect26	unknown	related
aspect	1399	0	5	Works	1399-aspect0	unknown	related
subjective	1399	6	27	exactly as advertised	1399-subjective1	positive	related
subjective	1399	39	50	not perfect	1399-subjective2	neutral	related
subjective	1399	55	81	doesn't claim to be either	1399-subjective3	neutral	related
aspect	1399	83	97	Heavily soiled	1399-aspect4	unknown	related
aspect	1399	101	114	stained items	1399-aspect5	unknown	related
aspect	1399	149	156	machine	1399-aspect6	unknown	foreign
aspect	1399	158	165	Clothes	1399-aspect7	unknown	related
aspect	1399	203	213	Wonderwash	1399-aspect8	unknown	related
aspect	1399	343	364	small bits of laundry	1399-aspect9	unknown	related
subjective	1399	319	326	cleaner	1399-subjective10	positive	related
aspect	1399	371	380	underwear	1399-aspect11	unknown	related
aspect	1399	382	387	socks	1399-aspect12	unknown	related
aspect	1399	391	396	polos	1399-aspect13	unknown	related
aspect	1399	401	406	works	1399-aspect14	unknown	related
subjective	1399	407	416	just fine	1399-subjective15	positive	related
subjective	1399	426	441	do not take too	1399-subjective16	positive	related
aspect	1399	442	446	long	1399-aspect17	unknown	related
aspect	1399	450	453	dry	1399-aspect18	unknown	related
aspect	1399	480	489	materials	1399-aspect19	unknown	related
subjective	1399	456	508	did not find any of the materials to be cheaply made	1399-subjective20	positive	related
aspect	1399	545	569	no assembly instructions	1399-aspect21	unknown	related
aspect	1399	629	634	parts	1399-aspect22	unknown	related
subjective	1399	642	653	easy to see	1399-subjective23	positive	related
aspect	1399	697	708	whole thing	1399-aspect24	unknown	related
aspect	1399	827	834	clothes	1399-aspect25	unknown	related
aspect	1399	903	915	instructions	1399-aspect26	unknown	related
aspect	1399	1046	1053	clothes	1399-aspect27	unknown	related
aspect	1399	718	735	5 minutes or less	1399-aspect28	unknown	related
aspect	1399	1008	1021	simple messes	1399-aspect29	unknown	related
aspect	1399	1027	1036	pen marks	1399-aspect30	unknown	related
